Id,External_Id__c,Name,BillingCountry,Segment__c,OwnerId,CreatedDate
001000000000001AAA,ACC00001,Account 00001,AU,Enterprise,005000000000003AAA,2024-10-08
001000000000002AAA,ACC00002,Account 00002,FR,Mid-Market,005000000000004AAA,2024-04-14
001000000000003AAA,ACC00003,Account 00003,IN,SMB,005000000000012AAA,2024-02-02
001000000000004AAA,ACC00004,Account 00004,ES,,005000000000004AAA,2024-08-26
001000000000005AAA,ACC00005,Account 00005,AU,Enterprise,005000000000006AAA,2025-10-27
001000000000006AAA,ACC00006,Account 00006,SG,,005000000000006AAA,2025-04-04
001000000000007AAA,ACC00007,Account 00007,IN,SMB,005000000000003AAA,2024-06-12
001000000000008AAA,ACC00008,Account 00008,JP,,005000000000009AAA,2024-10-11
001000000000009AAA,ACC00009,Account 00009,ES,Mid-Market,005000000000007AAA,2024-04-14
001000000000010AAA,ACC00010,Account 00010,GB,,005000000000001AAA,2025-01-02
001000000000011AAA,ACC00011,Account 00011,MX,SMB,005000000000002AAA,2025-04-15
001000000000012AAA,ACC00012,Account 00012,JP,Enterprise,005000000000012AAA,2024-03-21
001000000000013AAA,ACC00013,Account 00013,AU,SMB,005000000000009AAA,2025-08-14
001000000000014AAA,ACC00014,Account 00014,ES,Enterprise,005000000000001AAA,2025-11-08
001000000000015AAA,ACC00015,Account 00015,GB,SMB,005000000000001AAA,2024-08-26
001000000000016AAA,ACC00016,Account 00016,DE,,005000000000007AAA,2025-04-09
001000000000017AAA,ACC00017,Account 00017,AU,SMB,005000000000006AAA,2025-01-14
001000000000018AAA,ACC00018,Account 00018,BR,Mid-Market,005000000000008AAA,2025-12-19
001000000000019AAA,ACC00019,Account 00019,IN,Enterprise,005000000000006AAA,2025-06-30
001000000000020AAA,ACC00020,Account 00020,JP,Mid-Market,005000000000006AAA,2025-04-18
001000000000021AAA,ACC00021,Account 00021,CA,SMB,005000000000005AAA,2025-12-02
001000000000022AAA,ACC00022,Account 00022,BR,Enterprise,005000000000005AAA,2024-02-02
001000000000023AAA,ACC00023,Account 00023,MX,,005000000000008AAA,2024-03-08
001000000000024AAA,ACC00024,Account 00024,ES,SMB,005000000000004AAA,2025-11-02
001000000000025AAA,ACC00025,Account 00025,CA,,005000000000011AAA,2024-05-26
001000000000026AAA,ACC00026,Account 00026,BR,Mid-Market,005000000000005AAA,2025-07-28
001000000000027AAA,ACC00027,Account 00027,IN,SMB,005000000000012AAA,2025-08-20
001000000000028AAA,ACC00028,Account 00028,US,SMB,005000000000005AAA,2024-05-21
001000000000029AAA,ACC00029,Account 00029,AU,,005000000000003AAA,2024-02-18
001000000000030AAA,ACC00030,Account 00030,GB,Mid-Market,005000000000004AAA,2025-11-27
001000000000031AAA,ACC00031,Account 00031,MX,Enterprise,005000000000011AAA,2025-01-25
001000000000032AAA,ACC00032,Account 00032,JP,,005000000000009AAA,2025-07-20
001000000000033AAA,ACC00033,Account 00033,NL,Enterprise,005000000000007AAA,2025-10-18
001000000000034AAA,ACC00034,Account 00034,BR,Enterprise,005000000000008AAA,2025-03-21
001000000000035AAA,ACC00035,Account 00035,GB,,005000000000001AAA,2024-09-26
001000000000036AAA,ACC00036,Account 00036,JP,Mid-Market,005000000000003AAA,2025-10-02
001000000000037AAA,ACC00037,Account 00037,CA,Mid-Market,005000000000005AAA,2025-01-17
001000000000038AAA,ACC00038,Account 00038,NL,Enterprise,005000000000007AAA,2025-05-15
001000000000039AAA,ACC00039,Account 00039,ES,Enterprise,005000000000007AAA,2024-11-10
001000000000040AAA,ACC00040,Account 00040,GB,Enterprise,005000000000004AAA,2025-08-03
001000000000041AAA,ACC00041,Account 00041,DE,Enterprise,005000000000010AAA,2024-03-11
001000000000042AAA,ACC00042,Account 00042,SG,Mid-Market,005000000000006AAA,2025-11-06
001000000000043AAA,ACC00043,Account 00043,MX,Mid-Market,005000000000008AAA,2025-06-24
001000000000044AAA,ACC00044,Account 00044,JP,,005000000000006AAA,2025-07-06
001000000000045AAA,ACC00045,Account 00045,AU,Mid-Market,005000000000009AAA,2025-02-12
001000000000046AAA,ACC00046,Account 00046,SG,SMB,005000000000012AAA,2025-06-13
001000000000047AAA,ACC00047,Account 00047,MX,Enterprise,005000000000005AAA,2024-08-18
001000000000048AAA,ACC00048,Account 00048,NL,SMB,005000000000001AAA,2025-08-25
001000000000049AAA,ACC00049,Account 00049,AU,Mid-Market,005000000000006AAA,2024-01-08
001000000000050AAA,ACC00050,Account 00050,GB,Enterprise,005000000000004AAA,2024-03-10
001000000000051AAA,ACC00051,Account 00051,DE,SMB,005000000000001AAA,2025-06-10
001000000000052AAA,ACC00052,Account 00052,FR,SMB,005000000000010AAA,2024-08-07
001000000000053AAA,ACC00053,Account 00053,AU,Mid-Market,005000000000012AAA,2024-09-05
001000000000054AAA,ACC00054,Account 00054,BR,,005000000000005AAA,2024-04-06
001000000000055AAA,ACC00055,Account 00055,GB,,005000000000007AAA,2025-03-09
001000000000056AAA,ACC00056,Account 00056,US,,005000000000002AAA,2025-11-20
001000000000057AAA,ACC00057,Account 00057,AU,Enterprise,005000000000003AAA,2025-02-16
001000000000058AAA,ACC00058,Account 00058,SG,SMB,005000000000003AAA,2024-09-11
001000000000059AAA,ACC00059,Account 00059,ES,Mid-Market,005000000000010AAA,2024-05-23
001000000000060AAA,ACC00060,Account 00060,US,Mid-Market,005000000000008AAA,2025-04-18
001000000000061AAA,ACC00061,Account 00061,DE,Enterprise,005000000000010AAA,2025-07-17
001000000000062AAA,ACC00062,Account 00062,FR,Enterprise,005000000000001AAA,2024-04-05
001000000000063AAA,ACC00063,Account 00063,NL,Mid-Market,005000000000010AAA,2025-05-12
001000000000064AAA,ACC00064,Account 00064,US,Mid-Market,005000000000011AAA,2024-03-01
001000000000065AAA,ACC00065,Account 00065,GB,,005000000000001AAA,2025-02-03
001000000000066AAA,ACC00066,Account 00066,BR,,005000000000008AAA,2025-03-09
001000000000067AAA,ACC00067,Account 00067,IN,,005000000000006AAA,2024-07-13
001000000000068AAA,ACC00068,Account 00068,US,Mid-Market,005000000000002AAA,2025-08-16
001000000000069AAA,ACC00069,Account 00069,AU,Enterprise,005000000000009AAA,2024-02-28
001000000000070AAA,ACC00070,Account 00070,GB,,005000000000004AAA,2024-02-28
001000000000071AAA,ACC00071,Account 00071,IN,Enterprise,005000000000006AAA,2024-03-11
001000000000072AAA,ACC00072,Account 00072,JP,Enterprise,005000000000006AAA,2025-02-17
001000000000073AAA,ACC00073,Account 00073,NL,Mid-Market,005000000000001AAA,2025-09-26
001000000000074AAA,ACC00074,Account 00074,ES,,005000000000007AAA,2024-09-24
001000000000075AAA,ACC00075,Account 00075,GB,SMB,005000000000004AAA,2024-09-28
001000000000076AAA,ACC00076,Account 00076,US,Mid-Market,005000000000008AAA,2025-04-13
001000000000077AAA,ACC00077,Account 00077,CA,Enterprise,005000000000002AAA,2025-04-14
001000000000078AAA,ACC00078,Account 00078,SG,Enterprise,005000000000003AAA,2025-07-04
001000000000079AAA,ACC00079,Account 00079,ES,SMB,005000000000004AAA,2024-12-23
001000000000080AAA,ACC00080,Account 00080,GB,Mid-Market,005000000000007AAA,2024-10-18
001000000000081AAA,ACC00081,Account 00081,DE,,005000000000007AAA,2025-09-18
001000000000082AAA,ACC00082,Account 00082,SG,Enterprise,005000000000009AAA,2025-11-10
001000000000083AAA,ACC00083,Account 00083,NL,Mid-Market,005000000000007AAA,2024-04-28
001000000000084AAA,ACC00084,Account 00084,ES,Mid-Market,005000000000007AAA,2024-10-15
001000000000085AAA,ACC00085,Account 00085,AU,Mid-Market,005000000000009AAA,2024-07-27
001000000000086AAA,ACC00086,Account 00086,SG,SMB,005000000000012AAA,2024-09-14
001000000000087AAA,ACC00087,Account 00087,FR,Enterprise,005000000000010AAA,2024-10-10
001000000000088AAA,ACC00088,Account 00088,NL,Enterprise,005000000000007AAA,2024-05-13
001000000000089AAA,ACC00089,Account 00089,AU,SMB,005000000000006AAA,2025-03-28
001000000000090AAA,ACC00090,Account 00090,SG,,005000000000003AAA,2024-04-24
001000000000091AAA,ACC00091,Account 00091,DE,Mid-Market,005000000000001AAA,2025-01-13
001000000000092AAA,ACC00092,Account 00092,JP,Mid-Market,005000000000012AAA,2024-05-10
001000000000093AAA,ACC00093,Account 00093,NL,SMB,005000000000007AAA,2024-02-10
001000000000094AAA,ACC00094,Account 00094,BR,Mid-Market,005000000000005AAA,2025-11-13
001000000000095AAA,ACC00095,Account 00095,GB,SMB,005000000000010AAA,2025-09-27
001000000000096AAA,ACC00096,Account 00096,JP,Mid-Market,005000000000006AAA,2024-06-15
001000000000097AAA,ACC00097,Account 00097,FR,,005000000000001AAA,2024-07-02
001000000000098AAA,ACC00098,Account 00098,SG,SMB,005000000000012AAA,2025-11-16
001000000000099AAA,ACC00099,Account 00099,IN,Mid-Market,005000000000009AAA,2024-06-12
001000000000100AAA,ACC00100,Account 00100,JP,Enterprise,005000000000012AAA,2024-02-09
001000000000101AAA,ACC00101,Account 00101,CA,Mid-Market,005000000000005AAA,2025-04-16
001000000000102AAA,ACC00102,Account 00102,BR,SMB,005000000000005AAA,2024-08-16
001000000000103AAA,ACC00103,Account 00103,NL,Mid-Market,005000000000010AAA,2024-12-02
001000000000104AAA,ACC00104,Account 00104,US,Enterprise,005000000000008AAA,2024-12-25
001000000000105AAA,ACC00105,Account 00105,AU,,005000000000009AAA,2024-01-29
001000000000106AAA,ACC00106,Account 00106,DE,SMB,005000000000004AAA,2025-08-17
001000000000107AAA,ACC00107,Account 00107,MX,Enterprise,005000000000002AAA,2025-09-02
001000000000108AAA,ACC00108,Account 00108,US,SMB,005000000000008AAA,2025-03-22
001000000000109AAA,ACC00109,Account 00109,AU,Enterprise,005000000000012AAA,2025-08-13
001000000000110AAA,ACC00110,Account 00110,GB,SMB,005000000000001AAA,2025-12-26
001000000000111AAA,ACC00111,Account 00111,MX,Enterprise,005000000000005AAA,2025-01-07
001000000000112AAA,ACC00112,Account 00112,US,Enterprise,005000000000008AAA,2025-09-30
001000000000113AAA,ACC00113,Account 00113,CA,Enterprise,005000000000008AAA,2025-06-03
001000000000114AAA,ACC00114,Account 00114,BR,,005000000000008AAA,2025-02-16
001000000000115AAA,ACC00115,Account 00115,IN,SMB,005000000000006AAA,2024-07-15
001000000000116AAA,ACC00116,Account 00116,US,,005000000000005AAA,2025-09-22
001000000000117AAA,ACC00117,Account 00117,AU,SMB,005000000000012AAA,2025-07-15
001000000000118AAA,ACC00118,Account 00118,SG,SMB,005000000000003AAA,2024-08-03
001000000000119AAA,ACC00119,Account 00119,MX,SMB,005000000000002AAA,2025-03-28
001000000000120AAA,ACC00120,Account 00120,GB,Mid-Market,005000000000001AAA,2024-06-22
