Id,External_Id__c,Name,Username,IsActive
005000000000001AAA,REP001,Rep 001,rep001@example.invalid,true
005000000000002AAA,REP002,Rep 002,rep002@example.invalid,true
005000000000003AAA,REP003,Rep 003,rep003@example.invalid,true
005000000000004AAA,REP004,Rep 004,rep004@example.invalid,true
005000000000005AAA,REP005,Rep 005,rep005@example.invalid,true
005000000000006AAA,REP006,Rep 006,rep006@example.invalid,true
005000000000007AAA,REP007,Rep 007,rep007@example.invalid,true
005000000000008AAA,REP008,Rep 008,rep008@example.invalid,true
005000000000009AAA,REP009,Rep 009,rep009@example.invalid,true
005000000000010AAA,REP010,Rep 010,rep010@example.invalid,true
005000000000011AAA,REP011,Rep 011,rep011@example.invalid,true
005000000000012AAA,REP012,Rep 012,rep012@example.invalid,true
