Id,External_Id__c,AccountId,OwnerId,Name,CloseDate,Amount,CurrencyIsoCode,StageName,IsWon,IsClosed,License_Type__c,Term_Months__c,Is_Intercompany__c
006000000000001AAA,BK000001,001000000000001AAA,005000000000003AAA,Account 00001 - subscription,2026-05-26,173956.99,USD,Closed Won,true,true,subscription,36,false
006000000000002AAA,BK000002,001000000000002AAA,005000000000004AAA,Account 00002 - subscription,2026-02-17,79808.82,USD,Closed Won,true,true,subscription,12,false
006000000000003AAA,BK000003,001000000000002AAA,005000000000004AAA,Account 00002 - perpetual,2026-04-12,50443.78,USD,Closed Won,true,true,perpetual,0,false
006000000000004AAA,BK000004,001000000000002AAA,005000000000004AAA,Account 00002 - subscription,2026-05-06,160429.30,USD,Closed Won,true,true,subscription,12,false
006000000000005AAA,BK000005,001000000000003AAA,005000000000012AAA,Account 00003 - subscription,2026-08-01,212314.19,USD,Closed Won,true,true,subscription,36,false
006000000000006AAA,BK000006,001000000000003AAA,005000000000012AAA,Account 00003 - perpetual,2026-07-16,166885.45,USD,Closed Won,true,true,perpetual,0,false
006000000000007AAA,BK000007,001000000000003AAA,005000000000012AAA,Account 00003 - subscription,2026-03-17,221136.53,USD,Closed Won,true,true,subscription,12,false
006000000000008AAA,BK000008,001000000000003AAA,005000000000012AAA,Account 00003 - perpetual,2026-08-06,74430.90,USD,Closed Won,true,true,perpetual,0,false
006000000000009AAA,BK000009,001000000000004AAA,005000000000004AAA,Account 00004 - perpetual,2026-01-26,188034.34,USD,Closed Won,true,true,perpetual,0,false
006000000000010AAA,BK000010,001000000000004AAA,005000000000004AAA,Account 00004 - perpetual,2026-03-04,154163.17,USD,Closed Won,true,true,perpetual,0,false
006000000000011AAA,BK000011,001000000000004AAA,005000000000004AAA,Account 00004 - subscription,2026-08-26,225001.91,USD,Closed Won,true,true,subscription,36,false
006000000000012AAA,BK000012,001000000000004AAA,005000000000004AAA,Account 00004 - subscription,2026-06-12,149502.99,USD,Closed Won,true,true,subscription,36,false
006000000000013AAA,BK000013,001000000000005AAA,005000000000006AAA,Account 00005 - subscription,2026-08-17,54404.53,USD,Closed Won,true,true,subscription,24,false
006000000000014AAA,BK000014,001000000000005AAA,005000000000006AAA,Account 00005 - subscription,2026-08-19,87970.25,USD,Closed Won,true,true,subscription,36,false
006000000000015AAA,BK000015,001000000000005AAA,005000000000006AAA,Account 00005 - subscription,2026-05-22,175919.19,USD,Closed Won,true,true,subscription,12,false
006000000000016AAA,BK000016,001000000000005AAA,005000000000006AAA,Account 00005 - perpetual,2026-05-21,148596.75,USD,Closed Won,true,true,perpetual,0,false
006000000000017AAA,BK000017,001000000000006AAA,005000000000006AAA,Account 00006 - perpetual,2026-05-01,92172.46,USD,Closed Won,true,true,perpetual,0,false
006000000000018AAA,BK000018,001000000000006AAA,005000000000006AAA,Account 00006 - perpetual,2026-02-11,47430.63,USD,Closed Won,true,true,perpetual,0,false
006000000000019AAA,BK000019,001000000000006AAA,005000000000006AAA,Account 00006 - perpetual,2026-07-16,233850.91,USD,Closed Won,true,true,perpetual,0,false
006000000000020AAA,BK000020,001000000000007AAA,005000000000003AAA,Account 00007 - subscription,2026-02-02,140206.56,USD,Closed Won,true,true,subscription,36,false
006000000000021AAA,BK000021,001000000000007AAA,005000000000003AAA,Account 00007 - perpetual,2026-08-27,140510.68,USD,Closed Won,true,true,perpetual,0,false
006000000000022AAA,BK000022,001000000000008AAA,005000000000009AAA,Account 00008 - subscription,2026-07-19,196984.52,USD,Closed Won,true,true,subscription,12,false
006000000000023AAA,BK000023,001000000000008AAA,005000000000009AAA,Account 00008 - perpetual,2026-07-14,161047.84,USD,Closed Won,true,true,perpetual,0,false
006000000000024AAA,BK000024,001000000000008AAA,005000000000009AAA,Account 00008 - subscription,2026-06-30,101197.77,USD,Closed Won,true,true,subscription,24,false
006000000000025AAA,BK000025,001000000000008AAA,005000000000009AAA,Account 00008 - perpetual,2026-04-23,164822.62,USD,Closed Won,true,true,perpetual,0,false
006000000000026AAA,BK000026,001000000000009AAA,005000000000007AAA,Account 00009 - perpetual,2026-09-06,10739.11,USD,Closed Won,true,true,perpetual,0,false
006000000000027AAA,BK000027,001000000000009AAA,005000000000007AAA,Account 00009 - perpetual,2026-07-27,243994.94,USD,Closed Won,true,true,perpetual,0,false
006000000000028AAA,BK000028,001000000000009AAA,005000000000007AAA,Account 00009 - subscription,2026-08-28,43824.78,USD,Closed Won,true,true,subscription,36,false
006000000000029AAA,BK000029,001000000000009AAA,005000000000007AAA,Account 00009 - subscription,2026-01-14,133211.25,USD,Closed Won,true,true,subscription,36,false
006000000000030AAA,BK000030,001000000000010AAA,005000000000001AAA,Account 00010 - subscription,2026-06-30,216670.99,USD,Closed Won,true,true,subscription,24,false
006000000000031AAA,BK000031,001000000000011AAA,005000000000002AAA,Account 00011 - perpetual,2026-01-26,88293.97,USD,Closed Won,true,true,perpetual,0,false
006000000000032AAA,BK000032,001000000000011AAA,005000000000002AAA,Account 00011 - perpetual,2026-04-19,153571.77,USD,Closed Won,true,true,perpetual,0,false
006000000000033AAA,BK000033,001000000000012AAA,005000000000012AAA,Account 00012 - perpetual,2026-05-23,142453.68,USD,Closed Won,true,true,perpetual,0,false
006000000000034AAA,BK000034,001000000000012AAA,005000000000012AAA,Account 00012 - perpetual,2026-02-11,158808.78,USD,Closed Won,true,true,perpetual,0,false
006000000000035AAA,BK000035,001000000000012AAA,005000000000012AAA,Account 00012 - perpetual,2026-01-27,118427.20,USD,Closed Won,true,true,perpetual,0,false
006000000000036AAA,BK000036,001000000000012AAA,005000000000012AAA,Account 00012 - perpetual,2026-02-05,219692.57,USD,Closed Won,true,true,perpetual,0,false
006000000000037AAA,BK000037,001000000000013AAA,005000000000009AAA,Account 00013 - subscription,2026-05-07,67894.34,USD,Closed Won,true,true,subscription,36,true
006000000000038AAA,BK000038,001000000000014AAA,005000000000001AAA,Account 00014 - subscription,2026-05-03,43352.73,USD,Closed Won,true,true,subscription,12,false
006000000000039AAA,BK000039,001000000000014AAA,005000000000001AAA,Account 00014 - subscription,2026-04-22,157039.51,USD,Closed Won,true,true,subscription,24,false
006000000000040AAA,BK000040,001000000000015AAA,005000000000001AAA,Account 00015 - subscription,2026-02-28,55950.68,USD,Closed Won,true,true,subscription,12,false
006000000000041AAA,BK000041,001000000000015AAA,005000000000001AAA,Account 00015 - subscription,2026-01-14,105675.48,USD,Closed Won,true,true,subscription,24,false
006000000000042AAA,BK000042,001000000000016AAA,005000000000007AAA,Account 00016 - subscription,2026-04-12,26500.18,USD,Closed Won,true,true,subscription,36,false
006000000000043AAA,BK000043,001000000000016AAA,005000000000007AAA,Account 00016 - subscription,2026-05-05,35192.40,USD,Closed Won,true,true,subscription,24,false
006000000000044AAA,BK000044,001000000000016AAA,005000000000007AAA,Account 00016 - subscription,2026-03-03,190895.45,USD,Closed Won,true,true,subscription,24,false
006000000000045AAA,BK000045,001000000000016AAA,005000000000007AAA,Account 00016 - subscription,2026-09-30,144739.80,USD,Closed Won,true,true,subscription,12,false
006000000000046AAA,BK000046,001000000000017AAA,005000000000006AAA,Account 00017 - subscription,2026-01-07,141948.32,USD,Closed Won,true,true,subscription,12,false
006000000000047AAA,BK000047,001000000000017AAA,005000000000006AAA,Account 00017 - subscription,2026-08-10,122530.13,USD,Closed Won,true,true,subscription,24,false
006000000000048AAA,BK000048,001000000000017AAA,005000000000006AAA,Account 00017 - perpetual,2026-03-20,147125.23,USD,Closed Won,true,true,perpetual,0,false
006000000000049AAA,BK000049,001000000000018AAA,005000000000008AAA,Account 00018 - subscription,2026-09-05,156985.75,USD,Closed Won,true,true,subscription,36,false
006000000000050AAA,BK000050,001000000000018AAA,005000000000008AAA,Account 00018 - subscription,2026-05-18,109147.47,USD,Closed Won,true,true,subscription,12,false
006000000000051AAA,BK000051,001000000000018AAA,005000000000008AAA,Account 00018 - perpetual,2026-05-23,152264.05,USD,Closed Won,true,true,perpetual,0,false
006000000000052AAA,BK000052,001000000000019AAA,005000000000006AAA,Account 00019 - perpetual,2026-07-14,113875.97,USD,Closed Won,true,true,perpetual,0,false
006000000000053AAA,BK000053,001000000000019AAA,005000000000006AAA,Account 00019 - subscription,2026-06-16,62015.33,USD,Closed Won,true,true,subscription,24,false
006000000000054AAA,BK000054,001000000000019AAA,005000000000006AAA,Account 00019 - perpetual,2026-05-13,115198.76,USD,Closed Won,true,true,perpetual,0,false
006000000000055AAA,BK000055,001000000000019AAA,005000000000006AAA,Account 00019 - perpetual,2026-05-22,187492.52,USD,Closed Won,true,true,perpetual,0,false
006000000000056AAA,BK000056,001000000000020AAA,005000000000006AAA,Account 00020 - subscription,2026-02-13,81985.65,USD,Closed Won,true,true,subscription,24,false
006000000000057AAA,BK000057,001000000000020AAA,005000000000006AAA,Account 00020 - subscription,2026-05-04,232730.04,USD,Closed Won,true,true,subscription,36,false
006000000000058AAA,BK000058,001000000000021AAA,005000000000005AAA,Account 00021 - perpetual,2026-08-18,6785.87,USD,Closed Won,true,true,perpetual,0,false
006000000000059AAA,BK000059,001000000000021AAA,005000000000005AAA,Account 00021 - subscription,2026-04-24,136694.50,USD,Closed Won,true,true,subscription,24,false
006000000000060AAA,BK000060,001000000000021AAA,005000000000005AAA,Account 00021 - subscription,2026-07-08,159799.86,USD,Closed Won,true,true,subscription,24,false
006000000000061AAA,BK000061,001000000000021AAA,005000000000005AAA,Account 00021 - perpetual,2026-08-06,185679.72,USD,Closed Won,true,true,perpetual,0,false
006000000000062AAA,BK000062,001000000000022AAA,005000000000005AAA,Account 00022 - perpetual,2026-05-19,103885.60,USD,Closed Won,true,true,perpetual,0,false
006000000000063AAA,BK000063,001000000000022AAA,005000000000005AAA,Account 00022 - perpetual,2026-03-03,243022.86,USD,Closed Won,true,true,perpetual,0,false
006000000000064AAA,BK000064,001000000000022AAA,005000000000005AAA,Account 00022 - subscription,2026-03-03,180806.10,USD,Closed Won,true,true,subscription,36,false
006000000000065AAA,BK000065,001000000000022AAA,005000000000005AAA,Account 00022 - perpetual,2026-04-05,65270.48,USD,Closed Won,true,true,perpetual,0,false
006000000000066AAA,BK000066,001000000000023AAA,005000000000008AAA,Account 00023 - subscription,2026-05-22,244130.38,USD,Closed Won,true,true,subscription,36,false
006000000000067AAA,BK000067,001000000000023AAA,005000000000008AAA,Account 00023 - subscription,2026-05-25,34730.96,USD,Closed Won,true,true,subscription,24,false
006000000000068AAA,BK000068,001000000000023AAA,005000000000008AAA,Account 00023 - perpetual,2026-04-27,122091.59,USD,Closed Won,true,true,perpetual,0,false
006000000000069AAA,BK000069,001000000000023AAA,005000000000008AAA,Account 00023 - subscription,2026-01-08,238571.58,USD,Closed Won,true,true,subscription,24,false
006000000000070AAA,BK000070,001000000000024AAA,005000000000004AAA,Account 00024 - perpetual,2026-01-28,186676.45,USD,Closed Won,true,true,perpetual,0,false
006000000000071AAA,BK000071,001000000000025AAA,005000000000011AAA,Account 00025 - subscription,2026-09-09,35422.70,USD,Closed Won,true,true,subscription,36,false
006000000000072AAA,BK000072,001000000000025AAA,005000000000011AAA,Account 00025 - subscription,2026-05-26,158503.47,USD,Closed Won,true,true,subscription,24,false
006000000000073AAA,BK000073,001000000000026AAA,005000000000005AAA,Account 00026 - subscription,2026-01-27,85717.68,USD,Closed Won,true,true,subscription,24,false
006000000000074AAA,BK000074,001000000000026AAA,005000000000005AAA,Account 00026 - subscription,2026-02-28,22925.61,USD,Closed Won,true,true,subscription,12,true
006000000000075AAA,BK000075,001000000000027AAA,005000000000012AAA,Account 00027 - subscription,2026-03-19,51062.40,USD,Closed Won,true,true,subscription,24,false
006000000000076AAA,BK000076,001000000000028AAA,005000000000005AAA,Account 00028 - subscription,2026-05-08,40745.74,USD,Closed Won,true,true,subscription,24,false
006000000000077AAA,BK000077,001000000000029AAA,005000000000003AAA,Account 00029 - subscription,2026-09-25,128633.68,USD,Closed Won,true,true,subscription,24,false
006000000000078AAA,BK000078,001000000000029AAA,005000000000003AAA,Account 00029 - subscription,2026-06-02,198476.26,USD,Closed Won,true,true,subscription,24,false
006000000000079AAA,BK000079,001000000000030AAA,005000000000004AAA,Account 00030 - subscription,2026-02-20,70722.05,USD,Closed Won,true,true,subscription,24,false
006000000000080AAA,BK000080,001000000000031AAA,005000000000011AAA,Account 00031 - perpetual,2026-03-22,81485.39,USD,Closed Won,true,true,perpetual,0,false
006000000000081AAA,BK000081,001000000000032AAA,005000000000009AAA,Account 00032 - subscription,2026-03-22,1897.82,USD,Closed Won,true,true,subscription,36,false
006000000000082AAA,BK000082,001000000000033AAA,005000000000007AAA,Account 00033 - perpetual,2026-05-30,11952.11,USD,Closed Won,true,true,perpetual,0,false
006000000000083AAA,BK000083,001000000000033AAA,005000000000007AAA,Account 00033 - subscription,2026-05-25,236883.48,USD,Closed Won,true,true,subscription,12,false
006000000000084AAA,BK000084,001000000000033AAA,005000000000007AAA,Account 00033 - subscription,2026-04-30,89769.80,USD,Closed Won,true,true,subscription,36,false
006000000000085AAA,BK000085,001000000000033AAA,005000000000007AAA,Account 00033 - perpetual,2026-04-12,143652.96,USD,Closed Won,true,true,perpetual,0,false
006000000000086AAA,BK000086,001000000000034AAA,005000000000008AAA,Account 00034 - subscription,2026-03-18,90131.46,USD,Closed Won,true,true,subscription,12,false
006000000000087AAA,BK000087,001000000000034AAA,005000000000008AAA,Account 00034 - subscription,2026-01-31,56674.44,USD,Closed Won,true,true,subscription,36,false
006000000000088AAA,BK000088,001000000000035AAA,005000000000001AAA,Account 00035 - subscription,2026-08-13,42726.16,USD,Closed Won,true,true,subscription,24,false
006000000000089AAA,BK000089,001000000000035AAA,005000000000001AAA,Account 00035 - subscription,2026-07-26,92350.66,USD,Closed Won,true,true,subscription,24,false
006000000000090AAA,BK000090,001000000000035AAA,005000000000001AAA,Account 00035 - subscription,2026-08-13,27991.80,USD,Closed Won,true,true,subscription,24,false
006000000000091AAA,BK000091,001000000000036AAA,005000000000003AAA,Account 00036 - perpetual,2026-05-09,9678.81,USD,Closed Won,true,true,perpetual,0,false
006000000000092AAA,BK000092,001000000000036AAA,005000000000003AAA,Account 00036 - subscription,2026-01-11,226580.26,USD,Closed Won,true,true,subscription,36,false
006000000000093AAA,BK000093,001000000000036AAA,005000000000003AAA,Account 00036 - subscription,2026-01-21,59784.25,USD,Closed Won,true,true,subscription,36,false
006000000000094AAA,BK000094,001000000000037AAA,005000000000005AAA,Account 00037 - subscription,2026-05-23,61897.65,USD,Closed Won,true,true,subscription,24,false
006000000000095AAA,BK000095,001000000000037AAA,005000000000005AAA,Account 00037 - subscription,2026-09-09,31615.87,USD,Closed Won,true,true,subscription,24,false
006000000000096AAA,BK000096,001000000000037AAA,005000000000005AAA,Account 00037 - subscription,2026-06-20,108729.27,USD,Closed Won,true,true,subscription,12,false
006000000000097AAA,BK000097,001000000000037AAA,005000000000005AAA,Account 00037 - subscription,2026-06-18,139125.17,USD,Closed Won,true,true,subscription,24,false
006000000000098AAA,BK000098,001000000000038AAA,005000000000007AAA,Account 00038 - perpetual,2026-01-19,153614.25,USD,Closed Won,true,true,perpetual,0,false
006000000000099AAA,BK000099,001000000000038AAA,005000000000007AAA,Account 00038 - perpetual,2026-05-10,109472.68,USD,Closed Won,true,true,perpetual,0,false
006000000000100AAA,BK000100,001000000000038AAA,005000000000007AAA,Account 00038 - subscription,2026-07-26,173669.84,USD,Closed Won,true,true,subscription,12,false
006000000000101AAA,BK000101,001000000000038AAA,005000000000007AAA,Account 00038 - perpetual,2026-08-25,139662.87,USD,Closed Won,true,true,perpetual,0,false
006000000000102AAA,BK000102,001000000000039AAA,005000000000007AAA,Account 00039 - subscription,2026-09-13,210852.35,USD,Closed Won,true,true,subscription,12,false
006000000000103AAA,BK000103,001000000000039AAA,005000000000007AAA,Account 00039 - subscription,2026-04-15,90609.20,USD,Closed Won,true,true,subscription,24,false
006000000000104AAA,BK000104,001000000000039AAA,005000000000007AAA,Account 00039 - subscription,2026-08-13,235293.83,USD,Closed Won,true,true,subscription,12,false
006000000000105AAA,BK000105,001000000000040AAA,005000000000004AAA,Account 00040 - subscription,2026-03-23,105270.44,USD,Closed Won,true,true,subscription,36,false
006000000000106AAA,BK000106,001000000000040AAA,005000000000004AAA,Account 00040 - perpetual,2026-07-28,32275.81,USD,Closed Won,true,true,perpetual,0,false
006000000000107AAA,BK000107,001000000000041AAA,005000000000010AAA,Account 00041 - subscription,2026-08-25,40415.09,USD,Closed Won,true,true,subscription,12,false
006000000000108AAA,BK000108,001000000000042AAA,005000000000006AAA,Account 00042 - subscription,2026-05-30,171749.11,USD,Closed Won,true,true,subscription,24,false
006000000000109AAA,BK000109,001000000000042AAA,005000000000006AAA,Account 00042 - perpetual,2026-09-05,159450.66,USD,Closed Won,true,true,perpetual,0,false
006000000000110AAA,BK000110,001000000000042AAA,005000000000006AAA,Account 00042 - perpetual,2026-03-16,129710.10,USD,Closed Won,true,true,perpetual,0,false
006000000000111AAA,BK000111,001000000000042AAA,005000000000006AAA,Account 00042 - subscription,2026-09-18,46804.59,USD,Closed Won,true,true,subscription,24,true
006000000000112AAA,BK000112,001000000000043AAA,005000000000008AAA,Account 00043 - perpetual,2026-06-24,171368.49,USD,Closed Won,true,true,perpetual,0,false
006000000000113AAA,BK000113,001000000000043AAA,005000000000008AAA,Account 00043 - subscription,2026-01-02,95905.01,USD,Closed Won,true,true,subscription,36,false
006000000000114AAA,BK000114,001000000000043AAA,005000000000008AAA,Account 00043 - subscription,2026-09-08,50860.34,USD,Closed Won,true,true,subscription,24,false
006000000000115AAA,BK000115,001000000000043AAA,005000000000008AAA,Account 00043 - subscription,2026-06-26,112548.33,USD,Closed Won,true,true,subscription,36,false
006000000000116AAA,BK000116,001000000000044AAA,005000000000006AAA,Account 00044 - subscription,2026-08-22,108970.56,USD,Closed Won,true,true,subscription,36,false
006000000000117AAA,BK000117,001000000000044AAA,005000000000006AAA,Account 00044 - perpetual,2026-05-03,192863.45,USD,Closed Won,true,true,perpetual,0,false
006000000000118AAA,BK000118,001000000000044AAA,005000000000006AAA,Account 00044 - perpetual,2026-07-30,15645.60,USD,Closed Won,true,true,perpetual,0,false
006000000000119AAA,BK000119,001000000000044AAA,005000000000006AAA,Account 00044 - subscription,2026-08-31,237635.20,USD,Closed Won,true,true,subscription,24,false
006000000000120AAA,BK000120,001000000000045AAA,005000000000009AAA,Account 00045 - subscription,2026-03-19,167204.71,USD,Closed Won,true,true,subscription,12,false
006000000000121AAA,BK000121,001000000000045AAA,005000000000009AAA,Account 00045 - perpetual,2026-09-15,199031.69,USD,Closed Won,true,true,perpetual,0,false
006000000000122AAA,BK000122,001000000000045AAA,005000000000009AAA,Account 00045 - perpetual,2026-02-21,148742.24,USD,Closed Won,true,true,perpetual,0,false
006000000000123AAA,BK000123,001000000000045AAA,005000000000009AAA,Account 00045 - subscription,2026-08-22,6149.79,USD,Closed Won,true,true,subscription,24,false
006000000000124AAA,BK000124,001000000000046AAA,005000000000012AAA,Account 00046 - subscription,2026-02-08,158534.90,USD,Closed Won,true,true,subscription,24,false
006000000000125AAA,BK000125,001000000000046AAA,005000000000012AAA,Account 00046 - subscription,2026-06-23,210131.15,USD,Closed Won,true,true,subscription,36,false
006000000000126AAA,BK000126,001000000000047AAA,005000000000005AAA,Account 00047 - subscription,2026-06-18,227276.82,USD,Closed Won,true,true,subscription,24,false
006000000000127AAA,BK000127,001000000000048AAA,005000000000001AAA,Account 00048 - perpetual,2026-09-07,182534.85,USD,Closed Won,true,true,perpetual,0,false
006000000000128AAA,BK000128,001000000000048AAA,005000000000001AAA,Account 00048 - subscription,2026-02-05,79775.82,USD,Closed Won,true,true,subscription,24,false
006000000000129AAA,BK000129,001000000000048AAA,005000000000001AAA,Account 00048 - subscription,2026-04-27,31326.27,USD,Closed Won,true,true,subscription,12,false
006000000000130AAA,BK000130,001000000000049AAA,005000000000006AAA,Account 00049 - subscription,2026-08-16,56822.75,USD,Closed Won,true,true,subscription,12,false
006000000000131AAA,BK000131,001000000000050AAA,005000000000004AAA,Account 00050 - perpetual,2026-06-16,19830.48,USD,Closed Won,true,true,perpetual,0,false
006000000000132AAA,BK000132,001000000000051AAA,005000000000001AAA,Account 00051 - perpetual,2026-08-09,49845.11,USD,Closed Won,true,true,perpetual,0,false
006000000000133AAA,BK000133,001000000000051AAA,005000000000001AAA,Account 00051 - subscription,2026-07-30,190893.94,USD,Closed Won,true,true,subscription,12,false
006000000000134AAA,BK000134,001000000000051AAA,005000000000001AAA,Account 00051 - perpetual,2026-03-29,59743.52,USD,Closed Won,true,true,perpetual,0,false
006000000000135AAA,BK000135,001000000000052AAA,005000000000010AAA,Account 00052 - subscription,2026-05-04,167989.41,USD,Closed Won,true,true,subscription,12,false
006000000000136AAA,BK000136,001000000000052AAA,005000000000010AAA,Account 00052 - subscription,2026-04-29,155736.23,USD,Closed Won,true,true,subscription,24,false
006000000000137AAA,BK000137,001000000000052AAA,005000000000010AAA,Account 00052 - perpetual,2026-05-11,224754.61,USD,Closed Won,true,true,perpetual,0,false
006000000000138AAA,BK000138,001000000000052AAA,005000000000010AAA,Account 00052 - subscription,2026-08-27,97513.17,USD,Closed Won,true,true,subscription,12,false
006000000000139AAA,BK000139,001000000000053AAA,005000000000012AAA,Account 00053 - subscription,2026-08-15,116952.58,USD,Closed Won,true,true,subscription,24,false
006000000000140AAA,BK000140,001000000000054AAA,005000000000005AAA,Account 00054 - subscription,2026-05-09,154288.66,USD,Closed Won,true,true,subscription,12,false
006000000000141AAA,BK000141,001000000000054AAA,005000000000005AAA,Account 00054 - perpetual,2026-07-16,163137.72,USD,Closed Won,true,true,perpetual,0,false
006000000000142AAA,BK000142,001000000000054AAA,005000000000005AAA,Account 00054 - perpetual,2026-07-15,192905.41,USD,Closed Won,true,true,perpetual,0,false
006000000000143AAA,BK000143,001000000000054AAA,005000000000005AAA,Account 00054 - perpetual,2026-06-01,235639.12,USD,Closed Won,true,true,perpetual,0,false
006000000000144AAA,BK000144,001000000000055AAA,005000000000007AAA,Account 00055 - subscription,2026-05-21,3717.22,USD,Closed Won,true,true,subscription,36,false
006000000000145AAA,BK000145,001000000000055AAA,005000000000007AAA,Account 00055 - subscription,2026-01-26,204476.25,USD,Closed Won,true,true,subscription,24,false
006000000000146AAA,BK000146,001000000000055AAA,005000000000007AAA,Account 00055 - subscription,2026-04-28,204697.21,USD,Closed Won,true,true,subscription,12,false
006000000000147AAA,BK000147,001000000000055AAA,005000000000007AAA,Account 00055 - perpetual,2026-04-08,209336.50,USD,Closed Won,true,true,perpetual,0,false
006000000000148AAA,BK000148,001000000000056AAA,005000000000002AAA,Account 00056 - subscription,2026-02-19,211540.00,USD,Closed Won,true,true,subscription,24,true
006000000000149AAA,BK000149,001000000000056AAA,005000000000002AAA,Account 00056 - subscription,2026-08-14,12195.27,USD,Closed Won,true,true,subscription,36,false
006000000000150AAA,BK000150,001000000000057AAA,005000000000003AAA,Account 00057 - perpetual,2026-02-16,100022.63,USD,Closed Won,true,true,perpetual,0,false
006000000000151AAA,BK000151,001000000000057AAA,005000000000003AAA,Account 00057 - perpetual,2026-08-01,59935.02,USD,Closed Won,true,true,perpetual,0,false
006000000000152AAA,BK000152,001000000000058AAA,005000000000003AAA,Account 00058 - subscription,2026-09-29,169374.38,USD,Closed Won,true,true,subscription,12,false
006000000000153AAA,BK000153,001000000000058AAA,005000000000003AAA,Account 00058 - subscription,2026-05-12,162681.30,USD,Closed Won,true,true,subscription,24,false
006000000000154AAA,BK000154,001000000000058AAA,005000000000003AAA,Account 00058 - subscription,2026-06-23,39644.54,USD,Closed Won,true,true,subscription,12,false
006000000000155AAA,BK000155,001000000000059AAA,005000000000010AAA,Account 00059 - subscription,2026-04-26,227936.58,USD,Closed Won,true,true,subscription,24,false
006000000000156AAA,BK000156,001000000000059AAA,005000000000010AAA,Account 00059 - subscription,2026-07-07,31300.61,USD,Closed Won,true,true,subscription,12,false
006000000000157AAA,BK000157,001000000000060AAA,005000000000008AAA,Account 00060 - perpetual,2026-03-05,153600.86,USD,Closed Won,true,true,perpetual,0,false
006000000000158AAA,BK000158,001000000000060AAA,005000000000008AAA,Account 00060 - perpetual,2026-05-15,197145.81,USD,Closed Won,true,true,perpetual,0,false
006000000000159AAA,BK000159,001000000000060AAA,005000000000008AAA,Account 00060 - subscription,2026-07-10,37354.91,USD,Closed Won,true,true,subscription,24,false
006000000000160AAA,BK000160,001000000000061AAA,005000000000010AAA,Account 00061 - perpetual,2026-06-17,205709.61,USD,Closed Won,true,true,perpetual,0,false
006000000000161AAA,BK000161,001000000000062AAA,005000000000001AAA,Account 00062 - perpetual,2026-08-26,236242.46,USD,Closed Won,true,true,perpetual,0,false
006000000000162AAA,BK000162,001000000000063AAA,005000000000010AAA,Account 00063 - perpetual,2026-03-01,47901.38,USD,Closed Won,true,true,perpetual,0,false
006000000000163AAA,BK000163,001000000000063AAA,005000000000010AAA,Account 00063 - subscription,2026-01-20,103127.80,USD,Closed Won,true,true,subscription,12,false
006000000000164AAA,BK000164,001000000000063AAA,005000000000010AAA,Account 00063 - subscription,2026-02-19,79785.81,USD,Closed Won,true,true,subscription,12,false
006000000000165AAA,BK000165,001000000000063AAA,005000000000010AAA,Account 00063 - perpetual,2026-07-18,153217.58,USD,Closed Won,true,true,perpetual,0,false
006000000000166AAA,BK000166,001000000000064AAA,005000000000011AAA,Account 00064 - subscription,2026-03-21,140212.14,USD,Closed Won,true,true,subscription,24,false
006000000000167AAA,BK000167,001000000000064AAA,005000000000011AAA,Account 00064 - perpetual,2026-07-28,94865.21,USD,Closed Won,true,true,perpetual,0,false
006000000000168AAA,BK000168,001000000000064AAA,005000000000011AAA,Account 00064 - subscription,2026-07-09,73903.60,USD,Closed Won,true,true,subscription,12,false
006000000000169AAA,BK000169,001000000000064AAA,005000000000011AAA,Account 00064 - subscription,2026-07-05,34337.87,USD,Closed Won,true,true,subscription,24,false
006000000000170AAA,BK000170,001000000000065AAA,005000000000001AAA,Account 00065 - perpetual,2026-02-01,134593.49,USD,Closed Won,true,true,perpetual,0,false
006000000000171AAA,BK000171,001000000000065AAA,005000000000001AAA,Account 00065 - perpetual,2026-03-04,153577.83,USD,Closed Won,true,true,perpetual,0,false
006000000000172AAA,BK000172,001000000000065AAA,005000000000001AAA,Account 00065 - subscription,2026-04-19,216320.28,USD,Closed Won,true,true,subscription,12,false
006000000000173AAA,BK000173,001000000000066AAA,005000000000008AAA,Account 00066 - subscription,2026-06-20,82728.15,USD,Closed Won,true,true,subscription,36,false
006000000000174AAA,BK000174,001000000000067AAA,005000000000006AAA,Account 00067 - perpetual,2026-02-05,186961.27,USD,Closed Won,true,true,perpetual,0,false
006000000000175AAA,BK000175,001000000000067AAA,005000000000006AAA,Account 00067 - perpetual,2026-04-21,79181.38,USD,Closed Won,true,true,perpetual,0,false
006000000000176AAA,BK000176,001000000000068AAA,005000000000002AAA,Account 00068 - subscription,2026-01-02,94037.99,USD,Closed Won,true,true,subscription,12,false
006000000000177AAA,BK000177,001000000000068AAA,005000000000002AAA,Account 00068 - perpetual,2026-03-08,182266.22,USD,Closed Won,true,true,perpetual,0,false
006000000000178AAA,BK000178,001000000000069AAA,005000000000009AAA,Account 00069 - subscription,2026-02-26,222814.13,USD,Closed Won,true,true,subscription,12,false
006000000000179AAA,BK000179,001000000000069AAA,005000000000009AAA,Account 00069 - subscription,2026-01-08,121206.16,USD,Closed Won,true,true,subscription,12,false
006000000000180AAA,BK000180,001000000000070AAA,005000000000004AAA,Account 00070 - perpetual,2026-01-09,59467.32,USD,Closed Won,true,true,perpetual,0,false
006000000000181AAA,BK000181,001000000000070AAA,005000000000004AAA,Account 00070 - subscription,2026-03-06,249879.28,USD,Closed Won,true,true,subscription,12,false
006000000000182AAA,BK000182,001000000000070AAA,005000000000004AAA,Account 00070 - subscription,2026-02-02,160801.62,USD,Closed Won,true,true,subscription,24,false
006000000000183AAA,BK000183,001000000000071AAA,005000000000006AAA,Account 00071 - perpetual,2026-08-20,170060.21,USD,Closed Won,true,true,perpetual,0,false
006000000000184AAA,BK000184,001000000000072AAA,005000000000006AAA,Account 00072 - subscription,2026-09-24,102210.34,USD,Closed Won,true,true,subscription,12,false
006000000000185AAA,BK000185,001000000000073AAA,005000000000001AAA,Account 00073 - subscription,2026-09-03,135760.38,USD,Closed Won,true,true,subscription,12,true
006000000000186AAA,BK000186,001000000000074AAA,005000000000007AAA,Account 00074 - subscription,2026-08-16,25659.39,USD,Closed Won,true,true,subscription,24,false
006000000000187AAA,BK000187,001000000000074AAA,005000000000007AAA,Account 00074 - perpetual,2026-03-17,23039.30,USD,Closed Won,true,true,perpetual,0,false
006000000000188AAA,BK000188,001000000000074AAA,005000000000007AAA,Account 00074 - subscription,2026-06-16,128810.30,USD,Closed Won,true,true,subscription,36,false
006000000000189AAA,BK000189,001000000000074AAA,005000000000007AAA,Account 00074 - subscription,2026-05-31,153241.63,USD,Closed Won,true,true,subscription,24,false
006000000000190AAA,BK000190,001000000000075AAA,005000000000004AAA,Account 00075 - subscription,2026-02-28,220685.21,USD,Closed Won,true,true,subscription,36,false
006000000000191AAA,BK000191,001000000000076AAA,005000000000008AAA,Account 00076 - subscription,2026-08-09,152516.68,USD,Closed Won,true,true,subscription,24,false
006000000000192AAA,BK000192,001000000000076AAA,005000000000008AAA,Account 00076 - perpetual,2026-06-23,153168.98,USD,Closed Won,true,true,perpetual,0,false
006000000000193AAA,BK000193,001000000000077AAA,005000000000002AAA,Account 00077 - perpetual,2026-06-10,144198.23,USD,Closed Won,true,true,perpetual,0,false
006000000000194AAA,BK000194,001000000000078AAA,005000000000003AAA,Account 00078 - subscription,2026-07-11,52217.12,USD,Closed Won,true,true,subscription,24,false
006000000000195AAA,BK000195,001000000000078AAA,005000000000003AAA,Account 00078 - subscription,2026-02-04,31609.95,USD,Closed Won,true,true,subscription,12,false
006000000000196AAA,BK000196,001000000000078AAA,005000000000003AAA,Account 00078 - subscription,2026-08-10,33401.64,USD,Closed Won,true,true,subscription,24,false
006000000000197AAA,BK000197,001000000000079AAA,005000000000004AAA,Account 00079 - subscription,2026-01-31,197785.02,USD,Closed Won,true,true,subscription,36,false
006000000000198AAA,BK000198,001000000000079AAA,005000000000004AAA,Account 00079 - perpetual,2026-06-18,225819.14,USD,Closed Won,true,true,perpetual,0,false
006000000000199AAA,BK000199,001000000000080AAA,005000000000007AAA,Account 00080 - perpetual,2026-08-05,242947.81,USD,Closed Won,true,true,perpetual,0,false
006000000000200AAA,BK000200,001000000000080AAA,005000000000007AAA,Account 00080 - perpetual,2026-05-28,202464.19,USD,Closed Won,true,true,perpetual,0,false
006000000000201AAA,BK000201,001000000000080AAA,005000000000007AAA,Account 00080 - subscription,2026-02-23,194917.27,USD,Closed Won,true,true,subscription,12,false
006000000000202AAA,BK000202,001000000000081AAA,005000000000007AAA,Account 00081 - perpetual,2026-04-25,37312.06,USD,Closed Won,true,true,perpetual,0,false
006000000000203AAA,BK000203,001000000000081AAA,005000000000007AAA,Account 00081 - subscription,2026-07-08,39549.11,USD,Closed Won,true,true,subscription,36,false
006000000000204AAA,BK000204,001000000000081AAA,005000000000007AAA,Account 00081 - subscription,2026-04-26,144986.23,USD,Closed Won,true,true,subscription,36,false
006000000000205AAA,BK000205,001000000000081AAA,005000000000007AAA,Account 00081 - subscription,2026-01-14,205344.78,USD,Closed Won,true,true,subscription,36,false
006000000000206AAA,BK000206,001000000000082AAA,005000000000009AAA,Account 00082 - perpetual,2026-01-15,61537.58,USD,Closed Won,true,true,perpetual,0,false
006000000000207AAA,BK000207,001000000000082AAA,005000000000009AAA,Account 00082 - perpetual,2026-06-08,115026.23,USD,Closed Won,true,true,perpetual,0,false
006000000000208AAA,BK000208,001000000000082AAA,005000000000009AAA,Account 00082 - subscription,2026-04-03,49067.22,USD,Closed Won,true,true,subscription,24,false
006000000000209AAA,BK000209,001000000000083AAA,005000000000007AAA,Account 00083 - subscription,2026-03-14,249627.95,USD,Closed Won,true,true,subscription,12,false
006000000000210AAA,BK000210,001000000000084AAA,005000000000007AAA,Account 00084 - perpetual,2026-09-29,73186.61,USD,Closed Won,true,true,perpetual,0,false
006000000000211AAA,BK000211,001000000000085AAA,005000000000009AAA,Account 00085 - perpetual,2026-06-24,53817.78,USD,Closed Won,true,true,perpetual,0,false
006000000000212AAA,BK000212,001000000000085AAA,005000000000009AAA,Account 00085 - subscription,2026-06-16,191452.79,USD,Closed Won,true,true,subscription,12,false
006000000000213AAA,BK000213,001000000000085AAA,005000000000009AAA,Account 00085 - subscription,2026-03-21,53817.99,USD,Closed Won,true,true,subscription,12,false
006000000000214AAA,BK000214,001000000000085AAA,005000000000009AAA,Account 00085 - subscription,2026-02-11,92302.56,USD,Closed Won,true,true,subscription,24,false
006000000000215AAA,BK000215,001000000000086AAA,005000000000012AAA,Account 00086 - perpetual,2026-08-15,139977.00,USD,Closed Won,true,true,perpetual,0,false
006000000000216AAA,BK000216,001000000000086AAA,005000000000012AAA,Account 00086 - perpetual,2026-09-20,39190.81,USD,Closed Won,true,true,perpetual,0,false
006000000000217AAA,BK000217,001000000000086AAA,005000000000012AAA,Account 00086 - subscription,2026-02-26,96041.74,USD,Closed Won,true,true,subscription,36,false
006000000000218AAA,BK000218,001000000000086AAA,005000000000012AAA,Account 00086 - subscription,2026-09-07,177809.74,USD,Closed Won,true,true,subscription,12,false
006000000000219AAA,BK000219,001000000000087AAA,005000000000010AAA,Account 00087 - perpetual,2026-07-22,202100.08,USD,Closed Won,true,true,perpetual,0,false
006000000000220AAA,BK000220,001000000000087AAA,005000000000010AAA,Account 00087 - subscription,2026-04-15,102139.55,USD,Closed Won,true,true,subscription,12,false
006000000000221AAA,BK000221,001000000000088AAA,005000000000007AAA,Account 00088 - perpetual,2026-05-29,111099.59,USD,Closed Won,true,true,perpetual,0,false
006000000000222AAA,BK000222,001000000000088AAA,005000000000007AAA,Account 00088 - perpetual,2026-09-12,145503.84,USD,Closed Won,true,true,perpetual,0,true
006000000000223AAA,BK000223,001000000000088AAA,005000000000007AAA,Account 00088 - subscription,2026-07-14,179704.98,USD,Closed Won,true,true,subscription,36,false
006000000000224AAA,BK000224,001000000000089AAA,005000000000006AAA,Account 00089 - subscription,2026-02-06,134234.97,USD,Closed Won,true,true,subscription,12,false
006000000000225AAA,BK000225,001000000000089AAA,005000000000006AAA,Account 00089 - subscription,2026-08-12,7288.61,USD,Closed Won,true,true,subscription,12,false
006000000000226AAA,BK000226,001000000000089AAA,005000000000006AAA,Account 00089 - subscription,2026-06-10,194192.71,USD,Closed Won,true,true,subscription,24,false
006000000000227AAA,BK000227,001000000000090AAA,005000000000003AAA,Account 00090 - subscription,2026-05-29,39645.77,USD,Closed Won,true,true,subscription,24,false
006000000000228AAA,BK000228,001000000000090AAA,005000000000003AAA,Account 00090 - subscription,2026-03-29,208408.42,USD,Closed Won,true,true,subscription,36,false
006000000000229AAA,BK000229,001000000000090AAA,005000000000003AAA,Account 00090 - subscription,2026-07-05,30571.48,USD,Closed Won,true,true,subscription,12,false
006000000000230AAA,BK000230,001000000000090AAA,005000000000003AAA,Account 00090 - subscription,2026-05-05,147188.78,USD,Closed Won,true,true,subscription,36,false
006000000000231AAA,BK000231,001000000000091AAA,005000000000001AAA,Account 00091 - subscription,2026-07-22,105110.86,USD,Closed Won,true,true,subscription,12,false
006000000000232AAA,BK000232,001000000000092AAA,005000000000012AAA,Account 00092 - subscription,2026-03-28,26628.66,USD,Closed Won,true,true,subscription,12,false
006000000000233AAA,BK000233,001000000000092AAA,005000000000012AAA,Account 00092 - perpetual,2026-09-29,172111.51,USD,Closed Won,true,true,perpetual,0,false
006000000000234AAA,BK000234,001000000000092AAA,005000000000012AAA,Account 00092 - subscription,2026-06-28,118809.52,USD,Closed Won,true,true,subscription,36,false
006000000000235AAA,BK000235,001000000000093AAA,005000000000007AAA,Account 00093 - perpetual,2026-05-01,35495.47,USD,Closed Won,true,true,perpetual,0,false
006000000000236AAA,BK000236,001000000000093AAA,005000000000007AAA,Account 00093 - subscription,2026-04-12,59216.61,USD,Closed Won,true,true,subscription,36,false
006000000000237AAA,BK000237,001000000000094AAA,005000000000005AAA,Account 00094 - subscription,2026-04-01,211704.64,USD,Closed Won,true,true,subscription,36,false
006000000000238AAA,BK000238,001000000000095AAA,005000000000010AAA,Account 00095 - perpetual,2026-06-15,211459.23,USD,Closed Won,true,true,perpetual,0,false
006000000000239AAA,BK000239,001000000000095AAA,005000000000010AAA,Account 00095 - subscription,2026-08-14,23913.06,USD,Closed Won,true,true,subscription,36,false
006000000000240AAA,BK000240,001000000000095AAA,005000000000010AAA,Account 00095 - subscription,2026-06-05,93165.18,USD,Closed Won,true,true,subscription,24,false
006000000000241AAA,BK000241,001000000000095AAA,005000000000010AAA,Account 00095 - perpetual,2026-09-17,25894.25,USD,Closed Won,true,true,perpetual,0,false
006000000000242AAA,BK000242,001000000000096AAA,005000000000006AAA,Account 00096 - perpetual,2026-01-20,20089.13,USD,Closed Won,true,true,perpetual,0,false
006000000000243AAA,BK000243,001000000000096AAA,005000000000006AAA,Account 00096 - subscription,2026-05-27,26746.65,USD,Closed Won,true,true,subscription,12,false
006000000000244AAA,BK000244,001000000000096AAA,005000000000006AAA,Account 00096 - subscription,2026-09-17,130010.91,USD,Closed Won,true,true,subscription,36,false
006000000000245AAA,BK000245,001000000000096AAA,005000000000006AAA,Account 00096 - subscription,2026-01-22,151905.58,USD,Closed Won,true,true,subscription,36,false
006000000000246AAA,BK000246,001000000000097AAA,005000000000001AAA,Account 00097 - subscription,2026-06-14,204006.27,USD,Closed Won,true,true,subscription,12,false
006000000000247AAA,BK000247,001000000000097AAA,005000000000001AAA,Account 00097 - perpetual,2026-02-01,152170.47,USD,Closed Won,true,true,perpetual,0,false
006000000000248AAA,BK000248,001000000000098AAA,005000000000012AAA,Account 00098 - subscription,2026-02-13,170298.55,USD,Closed Won,true,true,subscription,12,false
006000000000249AAA,BK000249,001000000000098AAA,005000000000012AAA,Account 00098 - subscription,2026-05-07,238438.44,USD,Closed Won,true,true,subscription,24,false
006000000000250AAA,BK000250,001000000000098AAA,005000000000012AAA,Account 00098 - subscription,2026-09-26,176405.13,USD,Closed Won,true,true,subscription,24,false
006000000000251AAA,BK000251,001000000000099AAA,005000000000009AAA,Account 00099 - subscription,2026-05-25,130995.42,USD,Closed Won,true,true,subscription,24,false
006000000000252AAA,BK000252,001000000000099AAA,005000000000009AAA,Account 00099 - subscription,2026-01-27,212690.40,USD,Closed Won,true,true,subscription,12,false
006000000000253AAA,BK000253,001000000000099AAA,005000000000009AAA,Account 00099 - subscription,2026-06-18,32710.93,USD,Closed Won,true,true,subscription,24,false
006000000000254AAA,BK000254,001000000000100AAA,005000000000012AAA,Account 00100 - subscription,2026-05-10,243844.71,USD,Closed Won,true,true,subscription,36,false
006000000000255AAA,BK000255,001000000000100AAA,005000000000012AAA,Account 00100 - perpetual,2026-03-18,112857.73,USD,Closed Won,true,true,perpetual,0,false
006000000000256AAA,BK000256,001000000000100AAA,005000000000012AAA,Account 00100 - perpetual,2026-03-14,118380.37,USD,Closed Won,true,true,perpetual,0,false
006000000000257AAA,BK000257,001000000000101AAA,005000000000005AAA,Account 00101 - subscription,2026-03-08,200662.70,USD,Closed Won,true,true,subscription,12,false
006000000000258AAA,BK000258,001000000000101AAA,005000000000005AAA,Account 00101 - perpetual,2026-06-08,188543.12,USD,Closed Won,true,true,perpetual,0,false
006000000000259AAA,BK000259,001000000000101AAA,005000000000005AAA,Account 00101 - subscription,2026-06-18,43880.47,USD,Closed Won,true,true,subscription,36,true
006000000000260AAA,BK000260,001000000000101AAA,005000000000005AAA,Account 00101 - subscription,2026-09-27,32357.61,USD,Closed Won,true,true,subscription,24,false
006000000000261AAA,BK000261,001000000000102AAA,005000000000005AAA,Account 00102 - perpetual,2026-01-10,122667.58,USD,Closed Won,true,true,perpetual,0,false
006000000000262AAA,BK000262,001000000000102AAA,005000000000005AAA,Account 00102 - subscription,2026-04-20,115666.34,USD,Closed Won,true,true,subscription,24,false
006000000000263AAA,BK000263,001000000000102AAA,005000000000005AAA,Account 00102 - subscription,2026-04-09,77015.23,USD,Closed Won,true,true,subscription,12,false
006000000000264AAA,BK000264,001000000000103AAA,005000000000010AAA,Account 00103 - subscription,2026-06-01,34937.20,USD,Closed Won,true,true,subscription,36,false
006000000000265AAA,BK000265,001000000000104AAA,005000000000008AAA,Account 00104 - perpetual,2026-06-22,208376.94,USD,Closed Won,true,true,perpetual,0,false
006000000000266AAA,BK000266,001000000000105AAA,005000000000009AAA,Account 00105 - perpetual,2026-03-20,55441.13,USD,Closed Won,true,true,perpetual,0,false
006000000000267AAA,BK000267,001000000000105AAA,005000000000009AAA,Account 00105 - subscription,2026-03-26,242988.85,USD,Closed Won,true,true,subscription,24,false
006000000000268AAA,BK000268,001000000000105AAA,005000000000009AAA,Account 00105 - subscription,2026-07-06,227949.73,USD,Closed Won,true,true,subscription,24,false
006000000000269AAA,BK000269,001000000000105AAA,005000000000009AAA,Account 00105 - perpetual,2026-05-26,151635.22,USD,Closed Won,true,true,perpetual,0,false
006000000000270AAA,BK000270,001000000000106AAA,005000000000004AAA,Account 00106 - subscription,2026-06-08,158375.52,USD,Closed Won,true,true,subscription,12,false
006000000000271AAA,BK000271,001000000000106AAA,005000000000004AAA,Account 00106 - subscription,2026-07-08,228602.00,USD,Closed Won,true,true,subscription,24,false
006000000000272AAA,BK000272,001000000000107AAA,005000000000002AAA,Account 00107 - subscription,2026-05-25,129135.12,USD,Closed Won,true,true,subscription,24,false
006000000000273AAA,BK000273,001000000000107AAA,005000000000002AAA,Account 00107 - subscription,2026-03-24,68007.43,USD,Closed Won,true,true,subscription,12,false
006000000000274AAA,BK000274,001000000000107AAA,005000000000002AAA,Account 00107 - subscription,2026-05-09,18508.63,USD,Closed Won,true,true,subscription,24,false
006000000000275AAA,BK000275,001000000000107AAA,005000000000002AAA,Account 00107 - subscription,2026-02-22,239706.55,USD,Closed Won,true,true,subscription,12,false
006000000000276AAA,BK000276,001000000000108AAA,005000000000008AAA,Account 00108 - perpetual,2026-02-12,54791.89,USD,Closed Won,true,true,perpetual,0,false
006000000000277AAA,BK000277,001000000000108AAA,005000000000008AAA,Account 00108 - subscription,2026-09-20,50442.00,USD,Closed Won,true,true,subscription,12,false
006000000000278AAA,BK000278,001000000000108AAA,005000000000008AAA,Account 00108 - subscription,2026-04-24,152373.43,USD,Closed Won,true,true,subscription,12,false
006000000000279AAA,BK000279,001000000000109AAA,005000000000012AAA,Account 00109 - subscription,2026-01-28,134027.87,USD,Closed Won,true,true,subscription,12,false
006000000000280AAA,BK000280,001000000000109AAA,005000000000012AAA,Account 00109 - perpetual,2026-07-17,28382.24,USD,Closed Won,true,true,perpetual,0,false
006000000000281AAA,BK000281,001000000000109AAA,005000000000012AAA,Account 00109 - subscription,2026-01-15,107932.89,USD,Closed Won,true,true,subscription,36,false
006000000000282AAA,BK000282,001000000000109AAA,005000000000012AAA,Account 00109 - perpetual,2026-06-21,50006.01,USD,Closed Won,true,true,perpetual,0,false
006000000000283AAA,BK000283,001000000000110AAA,005000000000001AAA,Account 00110 - subscription,2026-08-30,234563.00,USD,Closed Won,true,true,subscription,36,false
006000000000284AAA,BK000284,001000000000110AAA,005000000000001AAA,Account 00110 - subscription,2026-08-29,151525.67,USD,Closed Won,true,true,subscription,12,false
006000000000285AAA,BK000285,001000000000110AAA,005000000000001AAA,Account 00110 - perpetual,2026-01-10,86873.82,USD,Closed Won,true,true,perpetual,0,false
006000000000286AAA,BK000286,001000000000111AAA,005000000000005AAA,Account 00111 - perpetual,2026-09-28,143020.73,USD,Closed Won,true,true,perpetual,0,false
006000000000287AAA,BK000287,001000000000111AAA,005000000000005AAA,Account 00111 - perpetual,2026-05-28,80738.82,USD,Closed Won,true,true,perpetual,0,false
006000000000288AAA,BK000288,001000000000112AAA,005000000000008AAA,Account 00112 - subscription,2026-05-03,141870.07,USD,Closed Won,true,true,subscription,36,false
006000000000289AAA,BK000289,001000000000113AAA,005000000000008AAA,Account 00113 - subscription,2026-02-02,38197.73,USD,Closed Won,true,true,subscription,24,false
006000000000290AAA,BK000290,001000000000113AAA,005000000000008AAA,Account 00113 - subscription,2026-01-09,213048.89,USD,Closed Won,true,true,subscription,12,false
006000000000291AAA,BK000291,001000000000113AAA,005000000000008AAA,Account 00113 - subscription,2026-03-15,98734.66,USD,Closed Won,true,true,subscription,36,false
006000000000292AAA,BK000292,001000000000113AAA,005000000000008AAA,Account 00113 - subscription,2026-06-30,81719.96,USD,Closed Won,true,true,subscription,12,false
006000000000293AAA,BK000293,001000000000114AAA,005000000000008AAA,Account 00114 - perpetual,2026-09-26,121998.54,USD,Closed Won,true,true,perpetual,0,false
006000000000294AAA,BK000294,001000000000115AAA,005000000000006AAA,Account 00115 - perpetual,2026-07-19,158751.15,USD,Closed Won,true,true,perpetual,0,false
006000000000295AAA,BK000295,001000000000116AAA,005000000000005AAA,Account 00116 - subscription,2026-07-11,86110.90,USD,Closed Won,true,true,subscription,24,false
006000000000296AAA,BK000296,001000000000116AAA,005000000000005AAA,Account 00116 - perpetual,2026-02-04,116696.51,USD,Closed Won,true,true,perpetual,0,true
006000000000297AAA,BK000297,001000000000116AAA,005000000000005AAA,Account 00116 - subscription,2026-02-23,196254.35,USD,Closed Won,true,true,subscription,24,false
006000000000298AAA,BK000298,001000000000116AAA,005000000000005AAA,Account 00116 - perpetual,2026-03-10,15876.58,USD,Closed Won,true,true,perpetual,0,false
006000000000299AAA,BK000299,001000000000117AAA,005000000000012AAA,Account 00117 - subscription,2026-03-31,230741.34,USD,Closed Won,true,true,subscription,36,false
006000000000300AAA,BK000300,001000000000117AAA,005000000000012AAA,Account 00117 - perpetual,2026-09-03,212975.37,USD,Closed Won,true,true,perpetual,0,false
006000000000301AAA,BK000301,001000000000117AAA,005000000000012AAA,Account 00117 - subscription,2026-03-11,22173.02,USD,Closed Won,true,true,subscription,24,false
006000000000302AAA,BK000302,001000000000118AAA,005000000000003AAA,Account 00118 - perpetual,2026-05-31,68642.71,USD,Closed Won,true,true,perpetual,0,false
006000000000303AAA,BK000303,001000000000119AAA,005000000000002AAA,Account 00119 - subscription,2026-01-22,106896.38,USD,Closed Won,true,true,subscription,36,false
006000000000304AAA,BK000304,001000000000119AAA,005000000000002AAA,Account 00119 - subscription,2026-07-23,183210.86,USD,Closed Won,true,true,subscription,12,false
006000000000305AAA,BK000305,001000000000120AAA,005000000000001AAA,Account 00120 - subscription,2026-05-27,120780.65,USD,Closed Won,true,true,subscription,12,false
006000000000306AAA,BK000306,001000000000120AAA,005000000000001AAA,Account 00120 - perpetual,2026-06-19,92676.28,USD,Closed Won,true,true,perpetual,0,false
