Id,External_Id__c,Name,Region__c
0MI000000000001AAA,TER001,Territory 001,EMEA
0MI000000000002AAA,TER002,Territory 002,AMER
0MI000000000003AAA,TER003,Territory 003,APAC
0MI000000000004AAA,TER004,Territory 004,EMEA
0MI000000000005AAA,TER005,Territory 005,AMER
0MI000000000006AAA,TER006,Territory 006,APAC
0MI000000000007AAA,TER007,Territory 007,EMEA
0MI000000000008AAA,TER008,Territory 008,AMER
0MI000000000009AAA,TER009,Territory 009,APAC
0MI000000000010AAA,TER010,Territory 010,EMEA
0MI000000000011AAA,TER011,Territory 011,AMER
0MI000000000012AAA,TER012,Territory 012,APAC
