Territory2Id,UserId,EffectiveStartDate,EffectiveEndDate
0MI000000000001AAA,005000000000001AAA,2026-01-01,2026-08-15
0MI000000000001AAA,005000000000002AAA,2026-08-15,2026-10-01
0MI000000000002AAA,005000000000002AAA,2026-01-01,2026-08-15
0MI000000000002AAA,005000000000003AAA,2026-08-15,2026-10-01
0MI000000000003AAA,005000000000003AAA,2026-01-01,2026-08-15
0MI000000000003AAA,005000000000004AAA,2026-08-15,2026-10-01
0MI000000000004AAA,005000000000004AAA,2026-01-01,2026-08-15
0MI000000000004AAA,005000000000005AAA,2026-08-15,2026-10-01
0MI000000000005AAA,005000000000005AAA,2026-01-01,2026-08-15
0MI000000000005AAA,005000000000006AAA,2026-08-15,2026-10-01
0MI000000000006AAA,005000000000006AAA,2026-01-01,2026-08-15
0MI000000000006AAA,005000000000007AAA,2026-08-15,2026-10-01
0MI000000000007AAA,005000000000007AAA,2026-01-01,2026-08-15
0MI000000000007AAA,005000000000008AAA,2026-08-15,2026-10-01
0MI000000000008AAA,005000000000008AAA,2026-01-01,2026-08-15
0MI000000000008AAA,005000000000009AAA,2026-08-15,2026-10-01
0MI000000000009AAA,005000000000009AAA,2026-01-01,2026-08-15
0MI000000000009AAA,005000000000010AAA,2026-08-15,2026-10-01
0MI000000000010AAA,005000000000010AAA,2026-01-01,2026-08-15
0MI000000000010AAA,005000000000011AAA,2026-08-15,2026-10-01
0MI000000000011AAA,005000000000011AAA,2026-01-01,2026-08-15
0MI000000000011AAA,005000000000012AAA,2026-08-15,2026-10-01
0MI000000000012AAA,005000000000012AAA,2026-01-01,2026-08-15
0MI000000000012AAA,005000000000001AAA,2026-08-15,2026-10-01
