BOOKING_ID,ACCOUNT_ID,BOOKING_DATE,AMOUNT,CURRENCY,LICENSE_TYPE,TERM_MONTHS,REGION,SEGMENT,OWNER_REP_ID,ACCOUNT_NAME,IS_INTERCOMPANY
BK000001,ACC00001,2026-05-26,173956.99,USD,subscription,36,APAC,Enterprise,REP003,Account 00001,false
BK000002,ACC00002,2026-02-17,79808.82,USD,subscription,12,EMEA,Mid-Market,REP004,Account 00002,false
BK000003,ACC00002,2026-04-12,50443.78,USD,perpetual,0,EMEA,Mid-Market,REP004,Account 00002,false
BK000004,ACC00002,2026-05-06,160429.30,USD,subscription,12,EMEA,Mid-Market,REP004,Account 00002,false
BK000005,ACC00003,2026-08-01,212314.19,USD,subscription,36,APAC,SMB,REP012,Account 00003,false
BK000006,ACC00003,2026-07-16,166885.45,USD,perpetual,0,APAC,SMB,REP012,Account 00003,false
BK000007,ACC00003,2026-03-17,221136.53,USD,subscription,12,APAC,SMB,REP012,Account 00003,false
BK000008,ACC00003,2026-08-06,74430.90,USD,perpetual,0,APAC,SMB,REP012,Account 00003,false
BK000009,ACC00004,2026-01-26,188034.34,USD,perpetual,0,EMEA,,REP004,Account 00004,false
BK000010,ACC00004,2026-03-04,154163.17,USD,perpetual,0,EMEA,,REP004,Account 00004,false
BK000011,ACC00004,2026-08-26,225001.91,USD,subscription,36,EMEA,,REP004,Account 00004,false
BK000012,ACC00004,2026-06-12,149502.99,USD,subscription,36,EMEA,,REP004,Account 00004,false
BK000013,ACC00005,2026-08-17,54404.53,USD,subscription,24,APAC,Enterprise,REP006,Account 00005,false
BK000014,ACC00005,2026-08-19,87970.25,USD,subscription,36,APAC,Enterprise,REP006,Account 00005,false
BK000015,ACC00005,2026-05-22,175919.19,USD,subscription,12,APAC,Enterprise,REP006,Account 00005,false
BK000016,ACC00005,2026-05-21,148596.75,USD,perpetual,0,APAC,Enterprise,REP006,Account 00005,false
BK000017,ACC00006,2026-05-01,92172.46,USD,perpetual,0,APAC,,REP006,Account 00006,false
BK000018,ACC00006,2026-02-11,47430.63,USD,perpetual,0,APAC,,REP006,Account 00006,false
BK000019,ACC00006,2026-07-16,233850.91,USD,perpetual,0,APAC,,REP006,Account 00006,false
BK000020,ACC00007,2026-02-02,140206.56,USD,subscription,36,APAC,SMB,REP003,Account 00007,false
BK000021,ACC00007,2026-08-27,140510.68,USD,perpetual,0,APAC,SMB,REP003,Account 00007,false
BK000022,ACC00008,2026-07-19,196984.52,USD,subscription,12,APAC,,REP009,Account 00008,false
BK000023,ACC00008,2026-07-14,161047.84,USD,perpetual,0,APAC,,REP009,Account 00008,false
BK000024,ACC00008,2026-06-30,101197.77,USD,subscription,24,APAC,,REP009,Account 00008,false
BK000025,ACC00008,2026-04-23,164822.62,USD,perpetual,0,APAC,,REP009,Account 00008,false
BK000026,ACC00009,2026-09-06,10739.11,USD,perpetual,0,EMEA,Mid-Market,REP007,Account 00009,false
BK000027,ACC00009,2026-07-27,243994.94,USD,perpetual,0,EMEA,Mid-Market,REP007,Account 00009,false
BK000028,ACC00009,2026-08-28,43824.78,USD,subscription,36,EMEA,Mid-Market,REP007,Account 00009,false
BK000029,ACC00009,2026-01-14,133211.25,USD,subscription,36,EMEA,Mid-Market,REP007,Account 00009,false
BK000030,ACC00010,2026-06-30,216670.99,USD,subscription,24,EMEA,,REP001,Account 00010,false
BK000031,ACC00011,2026-01-26,88293.97,USD,perpetual,0,AMER,SMB,REP002,Account 00011,false
BK000032,ACC00011,2026-04-19,153571.77,USD,perpetual,0,AMER,SMB,REP002,Account 00011,false
BK000033,ACC00012,2026-05-23,142453.68,USD,perpetual,0,APAC,Enterprise,REP012,Account 00012,false
BK000034,ACC00012,2026-02-11,158808.78,USD,perpetual,0,APAC,Enterprise,REP012,Account 00012,false
BK000035,ACC00012,2026-01-27,118427.20,USD,perpetual,0,APAC,Enterprise,REP012,Account 00012,false
BK000036,ACC00012,2026-02-05,219692.57,USD,perpetual,0,APAC,Enterprise,REP012,Account 00012,false
BK000037,ACC00013,2026-05-07,67894.34,USD,subscription,36,APAC,SMB,REP009,Account 00013,true
BK000038,ACC00014,2026-05-03,43352.73,USD,subscription,12,EMEA,Enterprise,REP001,Account 00014,false
BK000039,ACC00014,2026-04-22,157039.51,USD,subscription,24,EMEA,Enterprise,REP001,Account 00014,false
BK000040,ACC00015,2026-02-28,55950.68,USD,subscription,12,EMEA,SMB,REP001,Account 00015,false
BK000041,ACC00015,2026-01-14,105675.48,USD,subscription,24,EMEA,SMB,REP001,Account 00015,false
BK000042,ACC00016,2026-04-12,26500.18,USD,subscription,36,EMEA,,REP007,Account 00016,false
BK000043,ACC00016,2026-05-05,35192.40,USD,subscription,24,EMEA,,REP007,Account 00016,false
BK000044,ACC00016,2026-03-03,190895.45,USD,subscription,24,EMEA,,REP007,Account 00016,false
BK000045,ACC00016,2026-09-30,144739.80,USD,subscription,12,EMEA,,REP007,Account 00016,false
BK000046,ACC00017,2026-01-07,141948.32,USD,subscription,12,APAC,SMB,REP006,Account 00017,false
BK000047,ACC00017,2026-08-10,122530.13,USD,subscription,24,APAC,SMB,REP006,Account 00017,false
BK000048,ACC00017,2026-03-20,147125.23,USD,perpetual,0,APAC,SMB,REP006,Account 00017,false
BK000049,ACC00018,2026-09-05,156985.75,USD,subscription,36,AMER,Mid-Market,REP008,Account 00018,false
BK000050,ACC00018,2026-05-18,109147.47,USD,subscription,12,AMER,Mid-Market,REP008,Account 00018,false
BK000051,ACC00018,2026-05-23,152264.05,USD,perpetual,0,AMER,Mid-Market,REP008,Account 00018,false
BK000052,ACC00019,2026-07-14,113875.97,USD,perpetual,0,APAC,Enterprise,REP006,Account 00019,false
BK000053,ACC00019,2026-06-16,62015.33,USD,subscription,24,APAC,Enterprise,REP006,Account 00019,false
BK000054,ACC00019,2026-05-13,115198.76,USD,perpetual,0,APAC,Enterprise,REP006,Account 00019,false
BK000055,ACC00019,2026-05-22,187492.52,USD,perpetual,0,APAC,Enterprise,REP006,Account 00019,false
BK000056,ACC00020,2026-02-13,81985.65,USD,subscription,24,APAC,Mid-Market,REP006,Account 00020,false
BK000057,ACC00020,2026-05-04,232730.04,USD,subscription,36,APAC,Mid-Market,REP006,Account 00020,false
BK000058,ACC00021,2026-08-18,6785.87,USD,perpetual,0,AMER,SMB,REP005,Account 00021,false
BK000059,ACC00021,2026-04-24,136694.50,USD,subscription,24,AMER,SMB,REP005,Account 00021,false
BK000060,ACC00021,2026-07-08,159799.86,USD,subscription,24,AMER,SMB,REP005,Account 00021,false
BK000061,ACC00021,2026-08-06,185679.72,USD,perpetual,0,AMER,SMB,REP005,Account 00021,false
BK000062,ACC00022,2026-05-19,103885.60,USD,perpetual,0,AMER,Enterprise,REP005,Account 00022,false
BK000063,ACC00022,2026-03-03,243022.86,USD,perpetual,0,AMER,Enterprise,REP005,Account 00022,false
BK000064,ACC00022,2026-03-03,180806.10,USD,subscription,36,AMER,Enterprise,REP005,Account 00022,false
BK000065,ACC00022,2026-04-05,65270.48,USD,perpetual,0,AMER,Enterprise,REP005,Account 00022,false
BK000066,ACC00023,2026-05-22,244130.38,USD,subscription,36,AMER,,REP008,Account 00023,false
BK000067,ACC00023,2026-05-25,34730.96,USD,subscription,24,AMER,,REP008,Account 00023,false
BK000068,ACC00023,2026-04-27,122091.59,USD,perpetual,0,AMER,,REP008,Account 00023,false
BK000069,ACC00023,2026-01-08,238571.58,USD,subscription,24,AMER,,REP008,Account 00023,false
BK000070,ACC00024,2026-01-28,186676.45,USD,perpetual,0,EMEA,SMB,REP004,Account 00024,false
BK000071,ACC00025,2026-09-09,35422.70,USD,subscription,36,AMER,,REP011,Account 00025,false
BK000072,ACC00025,2026-05-26,158503.47,USD,subscription,24,AMER,,REP011,Account 00025,false
BK000073,ACC00026,2026-01-27,85717.68,USD,subscription,24,AMER,Mid-Market,REP005,Account 00026,false
BK000074,ACC00026,2026-02-28,22925.61,USD,subscription,12,AMER,Mid-Market,REP005,Account 00026,true
BK000075,ACC00027,2026-03-19,51062.40,USD,subscription,24,APAC,SMB,REP012,Account 00027,false
BK000076,ACC00028,2026-05-08,40745.74,USD,subscription,24,AMER,SMB,REP005,Account 00028,false
BK000077,ACC00029,2026-09-25,128633.68,USD,subscription,24,APAC,,REP003,Account 00029,false
BK000078,ACC00029,2026-06-02,198476.26,USD,subscription,24,APAC,,REP003,Account 00029,false
BK000079,ACC00030,2026-02-20,70722.05,USD,subscription,24,EMEA,Mid-Market,REP004,Account 00030,false
BK000080,ACC00031,2026-03-22,81485.39,USD,perpetual,0,AMER,Enterprise,REP011,Account 00031,false
BK000081,ACC00032,2026-03-22,1897.82,USD,subscription,36,APAC,,REP009,Account 00032,false
BK000082,ACC00033,2026-05-30,11952.11,USD,perpetual,0,EMEA,Enterprise,REP007,Account 00033,false
BK000083,ACC00033,2026-05-25,236883.48,USD,subscription,12,EMEA,Enterprise,REP007,Account 00033,false
BK000084,ACC00033,2026-04-30,89769.80,USD,subscription,36,EMEA,Enterprise,REP007,Account 00033,false
BK000085,ACC00033,2026-04-12,143652.96,USD,perpetual,0,EMEA,Enterprise,REP007,Account 00033,false
BK000086,ACC00034,2026-03-18,90131.46,USD,subscription,12,AMER,Enterprise,REP008,Account 00034,false
BK000087,ACC00034,2026-01-31,56674.44,USD,subscription,36,AMER,Enterprise,REP008,Account 00034,false
BK000088,ACC00035,2026-08-13,42726.16,USD,subscription,24,EMEA,,REP001,Account 00035,false
BK000089,ACC00035,2026-07-26,92350.66,USD,subscription,24,EMEA,,REP001,Account 00035,false
BK000090,ACC00035,2026-08-13,27991.80,USD,subscription,24,EMEA,,REP001,Account 00035,false
BK000091,ACC00036,2026-05-09,9678.81,USD,perpetual,0,APAC,Mid-Market,REP003,Account 00036,false
BK000092,ACC00036,2026-01-11,226580.26,USD,subscription,36,APAC,Mid-Market,REP003,Account 00036,false
BK000093,ACC00036,2026-01-21,59784.25,USD,subscription,36,APAC,Mid-Market,REP003,Account 00036,false
BK000094,ACC00037,2026-05-23,61897.65,USD,subscription,24,AMER,Mid-Market,REP005,Account 00037,false
BK000095,ACC00037,2026-09-09,31615.87,USD,subscription,24,AMER,Mid-Market,REP005,Account 00037,false
BK000096,ACC00037,2026-06-20,108729.27,USD,subscription,12,AMER,Mid-Market,REP005,Account 00037,false
BK000097,ACC00037,2026-06-18,139125.17,USD,subscription,24,AMER,Mid-Market,REP005,Account 00037,false
BK000098,ACC00038,2026-01-19,153614.25,USD,perpetual,0,EMEA,Enterprise,REP007,Account 00038,false
BK000099,ACC00038,2026-05-10,109472.68,USD,perpetual,0,EMEA,Enterprise,REP007,Account 00038,false
BK000100,ACC00038,2026-07-26,173669.84,USD,subscription,12,EMEA,Enterprise,REP007,Account 00038,false
BK000101,ACC00038,2026-08-25,139662.87,USD,perpetual,0,EMEA,Enterprise,REP007,Account 00038,false
BK000102,ACC00039,2026-09-13,210852.35,USD,subscription,12,EMEA,Enterprise,REP007,Account 00039,false
BK000103,ACC00039,2026-04-15,90609.20,USD,subscription,24,EMEA,Enterprise,REP007,Account 00039,false
BK000104,ACC00039,2026-08-13,235293.83,USD,subscription,12,EMEA,Enterprise,REP007,Account 00039,false
BK000105,ACC00040,2026-03-23,105270.44,USD,subscription,36,EMEA,Enterprise,REP004,Account 00040,false
BK000106,ACC00040,2026-07-28,32275.81,USD,perpetual,0,EMEA,Enterprise,REP004,Account 00040,false
BK000107,ACC00041,2026-08-25,40415.09,USD,subscription,12,EMEA,Enterprise,REP010,Account 00041,false
BK000108,ACC00042,2026-05-30,171749.11,USD,subscription,24,APAC,Mid-Market,REP006,Account 00042,false
BK000109,ACC00042,2026-09-05,159450.66,USD,perpetual,0,APAC,Mid-Market,REP006,Account 00042,false
BK000110,ACC00042,2026-03-16,129710.10,USD,perpetual,0,APAC,Mid-Market,REP006,Account 00042,false
BK000111,ACC00042,2026-09-18,46804.59,USD,subscription,24,APAC,Mid-Market,REP006,Account 00042,true
BK000112,ACC00043,2026-06-24,171368.49,USD,perpetual,0,AMER,Mid-Market,REP008,Account 00043,false
BK000113,ACC00043,2026-01-02,95905.01,USD,subscription,36,AMER,Mid-Market,REP008,Account 00043,false
BK000114,ACC00043,2026-09-08,50860.34,USD,subscription,24,AMER,Mid-Market,REP008,Account 00043,false
BK000115,ACC00043,2026-06-26,112548.33,USD,subscription,36,AMER,Mid-Market,REP008,Account 00043,false
BK000116,ACC00044,2026-08-22,108970.56,USD,subscription,36,APAC,,REP006,Account 00044,false
BK000117,ACC00044,2026-05-03,192863.45,USD,perpetual,0,APAC,,REP006,Account 00044,false
BK000118,ACC00044,2026-07-30,15645.60,USD,perpetual,0,APAC,,REP006,Account 00044,false
BK000119,ACC00044,2026-08-31,237635.20,USD,subscription,24,APAC,,REP006,Account 00044,false
BK000120,ACC00045,2026-03-19,167204.71,USD,subscription,12,APAC,Mid-Market,REP009,Account 00045,false
BK000121,ACC00045,2026-09-15,199031.69,USD,perpetual,0,APAC,Mid-Market,REP009,Account 00045,false
BK000122,ACC00045,2026-02-21,148742.24,USD,perpetual,0,APAC,Mid-Market,REP009,Account 00045,false
BK000123,ACC00045,2026-08-22,6149.79,USD,subscription,24,APAC,Mid-Market,REP009,Account 00045,false
BK000124,ACC00046,2026-02-08,158534.90,USD,subscription,24,APAC,SMB,REP012,Account 00046,false
BK000125,ACC00046,2026-06-23,210131.15,USD,subscription,36,APAC,SMB,REP012,Account 00046,false
BK000126,ACC00047,2026-06-18,227276.82,USD,subscription,24,AMER,Enterprise,REP005,Account 00047,false
BK000127,ACC00048,2026-09-07,182534.85,USD,perpetual,0,EMEA,SMB,REP001,Account 00048,false
BK000128,ACC00048,2026-02-05,79775.82,USD,subscription,24,EMEA,SMB,REP001,Account 00048,false
BK000129,ACC00048,2026-04-27,31326.27,USD,subscription,12,EMEA,SMB,REP001,Account 00048,false
BK000130,ACC00049,2026-08-16,56822.75,USD,subscription,12,APAC,Mid-Market,REP006,Account 00049,false
BK000131,ACC00050,2026-06-16,19830.48,USD,perpetual,0,EMEA,Enterprise,REP004,Account 00050,false
BK000132,ACC00051,2026-08-09,49845.11,USD,perpetual,0,EMEA,SMB,REP001,Account 00051,false
BK000133,ACC00051,2026-07-30,190893.94,USD,subscription,12,EMEA,SMB,REP001,Account 00051,false
BK000134,ACC00051,2026-03-29,59743.52,USD,perpetual,0,EMEA,SMB,REP001,Account 00051,false
BK000135,ACC00052,2026-05-04,167989.41,USD,subscription,12,EMEA,SMB,REP010,Account 00052,false
BK000136,ACC00052,2026-04-29,155736.23,USD,subscription,24,EMEA,SMB,REP010,Account 00052,false
BK000137,ACC00052,2026-05-11,224754.61,USD,perpetual,0,EMEA,SMB,REP010,Account 00052,false
BK000138,ACC00052,2026-08-27,97513.17,USD,subscription,12,EMEA,SMB,REP010,Account 00052,false
BK000139,ACC00053,2026-08-15,116952.58,USD,subscription,24,APAC,Mid-Market,REP012,Account 00053,false
BK000140,ACC00054,2026-05-09,154288.66,USD,subscription,12,AMER,,REP005,Account 00054,false
BK000141,ACC00054,2026-07-16,163137.72,USD,perpetual,0,AMER,,REP005,Account 00054,false
BK000142,ACC00054,2026-07-15,192905.41,USD,perpetual,0,AMER,,REP005,Account 00054,false
BK000143,ACC00054,2026-06-01,235639.12,USD,perpetual,0,AMER,,REP005,Account 00054,false
BK000144,ACC00055,2026-05-21,3717.22,USD,subscription,36,EMEA,,REP007,Account 00055,false
BK000145,ACC00055,2026-01-26,204476.25,USD,subscription,24,EMEA,,REP007,Account 00055,false
BK000146,ACC00055,2026-04-28,204697.21,USD,subscription,12,EMEA,,REP007,Account 00055,false
BK000147,ACC00055,2026-04-08,209336.50,USD,perpetual,0,EMEA,,REP007,Account 00055,false
BK000148,ACC00056,2026-02-19,211540.00,USD,subscription,24,AMER,,REP002,Account 00056,true
BK000149,ACC00056,2026-08-14,12195.27,USD,subscription,36,AMER,,REP002,Account 00056,false
BK000150,ACC00057,2026-02-16,100022.63,USD,perpetual,0,APAC,Enterprise,REP003,Account 00057,false
BK000151,ACC00057,2026-08-01,59935.02,USD,perpetual,0,APAC,Enterprise,REP003,Account 00057,false
BK000152,ACC00058,2026-09-29,169374.38,USD,subscription,12,APAC,SMB,REP003,Account 00058,false
BK000153,ACC00058,2026-05-12,162681.30,USD,subscription,24,APAC,SMB,REP003,Account 00058,false
BK000154,ACC00058,2026-06-23,39644.54,USD,subscription,12,APAC,SMB,REP003,Account 00058,false
BK000155,ACC00059,2026-04-26,227936.58,USD,subscription,24,EMEA,Mid-Market,REP010,Account 00059,false
BK000156,ACC00059,2026-07-07,31300.61,USD,subscription,12,EMEA,Mid-Market,REP010,Account 00059,false
BK000157,ACC00060,2026-03-05,153600.86,USD,perpetual,0,AMER,Mid-Market,REP008,Account 00060,false
BK000158,ACC00060,2026-05-15,197145.81,USD,perpetual,0,AMER,Mid-Market,REP008,Account 00060,false
BK000159,ACC00060,2026-07-10,37354.91,USD,subscription,24,AMER,Mid-Market,REP008,Account 00060,false
BK000160,ACC00061,2026-06-17,205709.61,USD,perpetual,0,EMEA,Enterprise,REP010,Account 00061,false
BK000161,ACC00062,2026-08-26,236242.46,USD,perpetual,0,EMEA,Enterprise,REP001,Account 00062,false
BK000162,ACC00063,2026-03-01,47901.38,USD,perpetual,0,EMEA,Mid-Market,REP010,Account 00063,false
BK000163,ACC00063,2026-01-20,103127.80,USD,subscription,12,EMEA,Mid-Market,REP010,Account 00063,false
BK000164,ACC00063,2026-02-19,79785.81,USD,subscription,12,EMEA,Mid-Market,REP010,Account 00063,false
BK000165,ACC00063,2026-07-18,153217.58,USD,perpetual,0,EMEA,Mid-Market,REP010,Account 00063,false
BK000166,ACC00064,2026-03-21,140212.14,USD,subscription,24,AMER,Mid-Market,REP011,Account 00064,false
BK000167,ACC00064,2026-07-28,94865.21,USD,perpetual,0,AMER,Mid-Market,REP011,Account 00064,false
BK000168,ACC00064,2026-07-09,73903.60,USD,subscription,12,AMER,Mid-Market,REP011,Account 00064,false
BK000169,ACC00064,2026-07-05,34337.87,USD,subscription,24,AMER,Mid-Market,REP011,Account 00064,false
BK000170,ACC00065,2026-02-01,134593.49,USD,perpetual,0,EMEA,,REP001,Account 00065,false
BK000171,ACC00065,2026-03-04,153577.83,USD,perpetual,0,EMEA,,REP001,Account 00065,false
BK000172,ACC00065,2026-04-19,216320.28,USD,subscription,12,EMEA,,REP001,Account 00065,false
BK000173,ACC00066,2026-06-20,82728.15,USD,subscription,36,AMER,,REP008,Account 00066,false
BK000174,ACC00067,2026-02-05,186961.27,USD,perpetual,0,APAC,,REP006,Account 00067,false
BK000175,ACC00067,2026-04-21,79181.38,USD,perpetual,0,APAC,,REP006,Account 00067,false
BK000176,ACC00068,2026-01-02,94037.99,USD,subscription,12,AMER,Mid-Market,REP002,Account 00068,false
BK000177,ACC00068,2026-03-08,182266.22,USD,perpetual,0,AMER,Mid-Market,REP002,Account 00068,false
BK000178,ACC00069,2026-02-26,222814.13,USD,subscription,12,APAC,Enterprise,REP009,Account 00069,false
BK000179,ACC00069,2026-01-08,121206.16,USD,subscription,12,APAC,Enterprise,REP009,Account 00069,false
BK000180,ACC00070,2026-01-09,59467.32,USD,perpetual,0,EMEA,,REP004,Account 00070,false
BK000181,ACC00070,2026-03-06,249879.28,USD,subscription,12,EMEA,,REP004,Account 00070,false
BK000182,ACC00070,2026-02-02,160801.62,USD,subscription,24,EMEA,,REP004,Account 00070,false
BK000183,ACC00071,2026-08-20,170060.21,USD,perpetual,0,APAC,Enterprise,REP006,Account 00071,false
BK000184,ACC00072,2026-09-24,102210.34,USD,subscription,12,APAC,Enterprise,REP006,Account 00072,false
BK000185,ACC00073,2026-09-03,135760.38,USD,subscription,12,EMEA,Mid-Market,REP001,Account 00073,true
BK000186,ACC00074,2026-08-16,25659.39,USD,subscription,24,EMEA,,REP007,Account 00074,false
BK000187,ACC00074,2026-03-17,23039.30,USD,perpetual,0,EMEA,,REP007,Account 00074,false
BK000188,ACC00074,2026-06-16,128810.30,USD,subscription,36,EMEA,,REP007,Account 00074,false
BK000189,ACC00074,2026-05-31,153241.63,USD,subscription,24,EMEA,,REP007,Account 00074,false
BK000190,ACC00075,2026-02-28,220685.21,USD,subscription,36,EMEA,SMB,REP004,Account 00075,false
BK000191,ACC00076,2026-08-09,152516.68,USD,subscription,24,AMER,Mid-Market,REP008,Account 00076,false
BK000192,ACC00076,2026-06-23,153168.98,USD,perpetual,0,AMER,Mid-Market,REP008,Account 00076,false
BK000193,ACC00077,2026-06-10,144198.23,USD,perpetual,0,AMER,Enterprise,REP002,Account 00077,false
BK000194,ACC00078,2026-07-11,52217.12,USD,subscription,24,APAC,Enterprise,REP003,Account 00078,false
BK000195,ACC00078,2026-02-04,31609.95,USD,subscription,12,APAC,Enterprise,REP003,Account 00078,false
BK000196,ACC00078,2026-08-10,33401.64,USD,subscription,24,APAC,Enterprise,REP003,Account 00078,false
BK000197,ACC00079,2026-01-31,197785.02,USD,subscription,36,EMEA,SMB,REP004,Account 00079,false
BK000198,ACC00079,2026-06-18,225819.14,USD,perpetual,0,EMEA,SMB,REP004,Account 00079,false
BK000199,ACC00080,2026-08-05,242947.81,USD,perpetual,0,EMEA,Mid-Market,REP007,Account 00080,false
BK000200,ACC00080,2026-05-28,202464.19,USD,perpetual,0,EMEA,Mid-Market,REP007,Account 00080,false
BK000201,ACC00080,2026-02-23,194917.27,USD,subscription,12,EMEA,Mid-Market,REP007,Account 00080,false
BK000202,ACC00081,2026-04-25,37312.06,USD,perpetual,0,EMEA,,REP007,Account 00081,false
BK000203,ACC00081,2026-07-08,39549.11,USD,subscription,36,EMEA,,REP007,Account 00081,false
BK000204,ACC00081,2026-04-26,144986.23,USD,subscription,36,EMEA,,REP007,Account 00081,false
BK000205,ACC00081,2026-01-14,205344.78,USD,subscription,36,EMEA,,REP007,Account 00081,false
BK000206,ACC00082,2026-01-15,61537.58,USD,perpetual,0,APAC,Enterprise,REP009,Account 00082,false
BK000207,ACC00082,2026-06-08,115026.23,USD,perpetual,0,APAC,Enterprise,REP009,Account 00082,false
BK000208,ACC00082,2026-04-03,49067.22,USD,subscription,24,APAC,Enterprise,REP009,Account 00082,false
BK000209,ACC00083,2026-03-14,249627.95,USD,subscription,12,EMEA,Mid-Market,REP007,Account 00083,false
BK000210,ACC00084,2026-09-29,73186.61,USD,perpetual,0,EMEA,Mid-Market,REP007,Account 00084,false
BK000211,ACC00085,2026-06-24,53817.78,USD,perpetual,0,APAC,Mid-Market,REP009,Account 00085,false
BK000212,ACC00085,2026-06-16,191452.79,USD,subscription,12,APAC,Mid-Market,REP009,Account 00085,false
BK000213,ACC00085,2026-03-21,53817.99,USD,subscription,12,APAC,Mid-Market,REP009,Account 00085,false
BK000214,ACC00085,2026-02-11,92302.56,USD,subscription,24,APAC,Mid-Market,REP009,Account 00085,false
BK000215,ACC00086,2026-08-15,139977.00,USD,perpetual,0,APAC,SMB,REP012,Account 00086,false
BK000216,ACC00086,2026-09-20,39190.81,USD,perpetual,0,APAC,SMB,REP012,Account 00086,false
BK000217,ACC00086,2026-02-26,96041.74,USD,subscription,36,APAC,SMB,REP012,Account 00086,false
BK000218,ACC00086,2026-09-07,177809.74,USD,subscription,12,APAC,SMB,REP012,Account 00086,false
BK000219,ACC00087,2026-07-22,202100.08,USD,perpetual,0,EMEA,Enterprise,REP010,Account 00087,false
BK000220,ACC00087,2026-04-15,102139.55,USD,subscription,12,EMEA,Enterprise,REP010,Account 00087,false
BK000221,ACC00088,2026-05-29,111099.59,USD,perpetual,0,EMEA,Enterprise,REP007,Account 00088,false
BK000222,ACC00088,2026-09-12,145503.84,USD,perpetual,0,EMEA,Enterprise,REP007,Account 00088,true
BK000223,ACC00088,2026-07-14,179704.98,USD,subscription,36,EMEA,Enterprise,REP007,Account 00088,false
BK000224,ACC00089,2026-02-06,134234.97,USD,subscription,12,APAC,SMB,REP006,Account 00089,false
BK000225,ACC00089,2026-08-12,7288.61,USD,subscription,12,APAC,SMB,REP006,Account 00089,false
BK000226,ACC00089,2026-06-10,194192.71,USD,subscription,24,APAC,SMB,REP006,Account 00089,false
BK000227,ACC00090,2026-05-29,39645.77,USD,subscription,24,APAC,,REP003,Account 00090,false
BK000228,ACC00090,2026-03-29,208408.42,USD,subscription,36,APAC,,REP003,Account 00090,false
BK000229,ACC00090,2026-07-05,30571.48,USD,subscription,12,APAC,,REP003,Account 00090,false
BK000230,ACC00090,2026-05-05,147188.78,USD,subscription,36,APAC,,REP003,Account 00090,false
BK000231,ACC00091,2026-07-22,105110.86,USD,subscription,12,EMEA,Mid-Market,REP001,Account 00091,false
BK000232,ACC00092,2026-03-28,26628.66,USD,subscription,12,APAC,Mid-Market,REP012,Account 00092,false
BK000233,ACC00092,2026-09-29,172111.51,USD,perpetual,0,APAC,Mid-Market,REP012,Account 00092,false
BK000234,ACC00092,2026-06-28,118809.52,USD,subscription,36,APAC,Mid-Market,REP012,Account 00092,false
BK000235,ACC00093,2026-05-01,35495.47,USD,perpetual,0,EMEA,SMB,REP007,Account 00093,false
BK000236,ACC00093,2026-04-12,59216.61,USD,subscription,36,EMEA,SMB,REP007,Account 00093,false
BK000237,ACC00094,2026-04-01,211704.64,USD,subscription,36,AMER,Mid-Market,REP005,Account 00094,false
BK000238,ACC00095,2026-06-15,211459.23,USD,perpetual,0,EMEA,SMB,REP010,Account 00095,false
BK000239,ACC00095,2026-08-14,23913.06,USD,subscription,36,EMEA,SMB,REP010,Account 00095,false
BK000240,ACC00095,2026-06-05,93165.18,USD,subscription,24,EMEA,SMB,REP010,Account 00095,false
BK000241,ACC00095,2026-09-17,25894.25,USD,perpetual,0,EMEA,SMB,REP010,Account 00095,false
BK000242,ACC00096,2026-01-20,20089.13,USD,perpetual,0,APAC,Mid-Market,REP006,Account 00096,false
BK000243,ACC00096,2026-05-27,26746.65,USD,subscription,12,APAC,Mid-Market,REP006,Account 00096,false
BK000244,ACC00096,2026-09-17,130010.91,USD,subscription,36,APAC,Mid-Market,REP006,Account 00096,false
BK000245,ACC00096,2026-01-22,151905.58,USD,subscription,36,APAC,Mid-Market,REP006,Account 00096,false
BK000246,ACC00097,2026-06-14,204006.27,USD,subscription,12,EMEA,,REP001,Account 00097,false
BK000247,ACC00097,2026-02-01,152170.47,USD,perpetual,0,EMEA,,REP001,Account 00097,false
BK000248,ACC00098,2026-02-13,170298.55,USD,subscription,12,APAC,SMB,REP012,Account 00098,false
BK000249,ACC00098,2026-05-07,238438.44,USD,subscription,24,APAC,SMB,REP012,Account 00098,false
BK000250,ACC00098,2026-09-26,176405.13,USD,subscription,24,APAC,SMB,REP012,Account 00098,false
BK000251,ACC00099,2026-05-25,130995.42,USD,subscription,24,APAC,Mid-Market,REP009,Account 00099,false
BK000252,ACC00099,2026-01-27,212690.40,USD,subscription,12,APAC,Mid-Market,REP009,Account 00099,false
BK000253,ACC00099,2026-06-18,32710.93,USD,subscription,24,APAC,Mid-Market,REP009,Account 00099,false
BK000254,ACC00100,2026-05-10,243844.71,USD,subscription,36,APAC,Enterprise,REP012,Account 00100,false
BK000255,ACC00100,2026-03-18,112857.73,USD,perpetual,0,APAC,Enterprise,REP012,Account 00100,false
BK000256,ACC00100,2026-03-14,118380.37,USD,perpetual,0,APAC,Enterprise,REP012,Account 00100,false
BK000257,ACC00101,2026-03-08,200662.70,USD,subscription,12,AMER,Mid-Market,REP005,Account 00101,false
BK000258,ACC00101,2026-06-08,188543.12,USD,perpetual,0,AMER,Mid-Market,REP005,Account 00101,false
BK000259,ACC00101,2026-06-18,43880.47,USD,subscription,36,AMER,Mid-Market,REP005,Account 00101,true
BK000260,ACC00101,2026-09-27,32357.61,USD,subscription,24,AMER,Mid-Market,REP005,Account 00101,false
BK000261,ACC00102,2026-01-10,122667.58,USD,perpetual,0,AMER,SMB,REP005,Account 00102,false
BK000262,ACC00102,2026-04-20,115666.34,USD,subscription,24,AMER,SMB,REP005,Account 00102,false
BK000263,ACC00102,2026-04-09,77015.23,USD,subscription,12,AMER,SMB,REP005,Account 00102,false
BK000264,ACC00103,2026-06-01,34937.20,USD,subscription,36,EMEA,Mid-Market,REP010,Account 00103,false
BK000265,ACC00104,2026-06-22,208376.94,USD,perpetual,0,AMER,Enterprise,REP008,Account 00104,false
BK000266,ACC00105,2026-03-20,55441.13,USD,perpetual,0,APAC,,REP009,Account 00105,false
BK000267,ACC00105,2026-03-26,242988.85,USD,subscription,24,APAC,,REP009,Account 00105,false
BK000268,ACC00105,2026-07-06,227949.73,USD,subscription,24,APAC,,REP009,Account 00105,false
BK000269,ACC00105,2026-05-26,151635.22,USD,perpetual,0,APAC,,REP009,Account 00105,false
BK000270,ACC00106,2026-06-08,158375.52,USD,subscription,12,EMEA,SMB,REP004,Account 00106,false
BK000271,ACC00106,2026-07-08,228602.00,USD,subscription,24,EMEA,SMB,REP004,Account 00106,false
BK000272,ACC00107,2026-05-25,129135.12,USD,subscription,24,AMER,Enterprise,REP002,Account 00107,false
BK000273,ACC00107,2026-03-24,68007.43,USD,subscription,12,AMER,Enterprise,REP002,Account 00107,false
BK000274,ACC00107,2026-05-09,18508.63,USD,subscription,24,AMER,Enterprise,REP002,Account 00107,false
BK000275,ACC00107,2026-02-22,239706.55,USD,subscription,12,AMER,Enterprise,REP002,Account 00107,false
BK000276,ACC00108,2026-02-12,54791.89,USD,perpetual,0,AMER,SMB,REP008,Account 00108,false
BK000277,ACC00108,2026-09-20,50442.00,USD,subscription,12,AMER,SMB,REP008,Account 00108,false
BK000278,ACC00108,2026-04-24,152373.43,USD,subscription,12,AMER,SMB,REP008,Account 00108,false
BK000279,ACC00109,2026-01-28,134027.87,USD,subscription,12,APAC,Enterprise,REP012,Account 00109,false
BK000280,ACC00109,2026-07-17,28382.24,USD,perpetual,0,APAC,Enterprise,REP012,Account 00109,false
BK000281,ACC00109,2026-01-15,107932.89,USD,subscription,36,APAC,Enterprise,REP012,Account 00109,false
BK000282,ACC00109,2026-06-21,50006.01,USD,perpetual,0,APAC,Enterprise,REP012,Account 00109,false
BK000283,ACC00110,2026-08-30,234563.00,USD,subscription,36,EMEA,SMB,REP001,Account 00110,false
BK000284,ACC00110,2026-08-29,151525.67,USD,subscription,12,EMEA,SMB,REP001,Account 00110,false
BK000285,ACC00110,2026-01-10,86873.82,USD,perpetual,0,EMEA,SMB,REP001,Account 00110,false
BK000286,ACC00111,2026-09-28,143020.73,USD,perpetual,0,AMER,Enterprise,REP005,Account 00111,false
BK000287,ACC00111,2026-05-28,80738.82,USD,perpetual,0,AMER,Enterprise,REP005,Account 00111,false
BK000288,ACC00112,2026-05-03,141870.07,USD,subscription,36,AMER,Enterprise,REP008,Account 00112,false
BK000289,ACC00113,2026-02-02,38197.73,USD,subscription,24,AMER,Enterprise,REP008,Account 00113,false
BK000290,ACC00113,2026-01-09,213048.89,USD,subscription,12,AMER,Enterprise,REP008,Account 00113,false
BK000291,ACC00113,2026-03-15,98734.66,USD,subscription,36,AMER,Enterprise,REP008,Account 00113,false
BK000292,ACC00113,2026-06-30,81719.96,USD,subscription,12,AMER,Enterprise,REP008,Account 00113,false
BK000293,ACC00114,2026-09-26,121998.54,USD,perpetual,0,AMER,,REP008,Account 00114,false
BK000294,ACC00115,2026-07-19,158751.15,USD,perpetual,0,APAC,SMB,REP006,Account 00115,false
BK000295,ACC00116,2026-07-11,86110.90,USD,subscription,24,AMER,,REP005,Account 00116,false
BK000296,ACC00116,2026-02-04,116696.51,USD,perpetual,0,AMER,,REP005,Account 00116,true
BK000297,ACC00116,2026-02-23,196254.35,USD,subscription,24,AMER,,REP005,Account 00116,false
BK000298,ACC00116,2026-03-10,15876.58,USD,perpetual,0,AMER,,REP005,Account 00116,false
BK000299,ACC00117,2026-03-31,230741.34,USD,subscription,36,APAC,SMB,REP012,Account 00117,false
BK000300,ACC00117,2026-09-03,212975.37,USD,perpetual,0,APAC,SMB,REP012,Account 00117,false
BK000301,ACC00117,2026-03-11,22173.02,USD,subscription,24,APAC,SMB,REP012,Account 00117,false
BK000302,ACC00118,2026-05-31,68642.71,USD,perpetual,0,APAC,SMB,REP003,Account 00118,false
BK000303,ACC00119,2026-01-22,106896.38,USD,subscription,36,AMER,SMB,REP002,Account 00119,false
BK000304,ACC00119,2026-07-23,183210.86,USD,subscription,12,AMER,SMB,REP002,Account 00119,false
BK000305,ACC00120,2026-05-27,120780.65,USD,subscription,12,EMEA,Mid-Market,REP001,Account 00120,false
BK000306,ACC00120,2026-06-19,92676.28,USD,perpetual,0,EMEA,Mid-Market,REP001,Account 00120,false
