BILLING_ID,BOOKING_ID,ACCOUNT_ID,INVOICE_DATE,AMOUNT,CURRENCY,REGION,OWNER_REP_ID
BL000001,BK000002,ACC00001,2026-04-29,123212.44,USD,APAC,REP001
BL000002,BK000003,ACC00001,2026-07-01,210096.25,USD,APAC,REP001
BL000003,BK000004,ACC00001,2026-03-07,242509.45,USD,APAC,REP001
BL000004,BK000005,ACC00002,2026-08-10,110448.82,USD,EMEA,REP003
BL000005,BK000006,ACC00002,2026-03-09,65370.85,USD,EMEA,REP003
BL000006,BK000007,ACC00002,2026-04-20,207532.53,USD,EMEA,REP003
BL000007,BK000008,ACC00003,2026-06-24,97272.26,USD,APAC,REP010
BL000008,BK000009,ACC00004,2026-09-28,149238.78,USD,EMEA,REP002
BL000009,BK000010,ACC00004,2026-10-14,159774.93,USD,EMEA,REP002
BL000010,BK000011,ACC00004,2026-05-01,222073.62,USD,EMEA,REP002
BL000011,BK000012,ACC00005,2026-03-19,79808.82,USD,EMEA,REP009
BL000012,BK000013,ACC00005,2026-04-28,50443.78,USD,EMEA,REP009
BL000013,BK000014,ACC00005,2026-05-08,160429.30,USD,EMEA,REP009
BL000014,BK000015,ACC00006,2026-09-11,212314.19,USD,APAC,REP004
BL000015,BK000016,ACC00006,2026-07-28,166885.45,USD,APAC,REP004
BL000016,BK000017,ACC00006,2026-04-04,221136.53,USD,APAC,REP004
BL000017,BK000018,ACC00006,2026-08-28,74430.90,USD,APAC,REP004
BL000018,BK000019,ACC00007,2026-01-29,188034.34,USD,APAC,REP001
BL000019,BK000020,ACC00007,2026-04-14,154163.17,USD,APAC,REP001
BL000020,BK000021,ACC00007,2026-09-16,225001.91,USD,APAC,REP001
BL000021,BK000022,ACC00007,2026-06-29,149502.99,USD,APAC,REP001
BL000022,BK000023,ACC00008,2026-08-24,54404.53,USD,APAC,REP006
BL000023,BK000024,ACC00008,2026-09-11,87970.25,USD,APAC,REP006
BL000024,BK000025,ACC00008,2026-06-18,175919.19,USD,APAC,REP006
BL000025,BK000026,ACC00008,2026-06-15,148596.75,USD,APAC,REP006
BL000026,BK000027,ACC00009,2026-05-29,92172.46,USD,EMEA,REP006
BL000027,BK000028,ACC00009,2026-03-07,47430.63,USD,EMEA,REP006
BL000028,BK000029,ACC00009,2026-08-06,233850.91,USD,EMEA,REP006
BL000029,BK000030,ACC00010,2026-02-13,140206.56,USD,EMEA,REP002
BL000030,BK000031,ACC00010,2026-09-27,140510.68,USD,EMEA,REP002
BL000031,BK000032,ACC00011,2026-09-01,196984.52,USD,AMER,REP001
BL000032,BK000033,ACC00011,2026-08-14,161047.84,USD,AMER,REP001
BL000033,BK000034,ACC00011,2026-07-23,101197.77,USD,AMER,REP001
BL000034,BK000035,ACC00011,2026-05-26,164822.62,USD,AMER,REP001
BL000035,BK000036,ACC00012,2026-09-23,10739.11,USD,APAC,REP007
BL000036,BK000037,ACC00012,2026-08-01,243994.94,USD,APAC,REP007
BL000037,BK000038,ACC00012,2026-09-24,43824.78,USD,APAC,REP007
BL000038,BK000039,ACC00012,2026-01-19,133211.25,USD,APAC,REP007
BL000039,BK000040,ACC00013,2026-03-11,216670.99,USD,APAC,REP011
BL000040,BK000041,ACC00014,2026-03-05,88293.97,USD,AMER,REP012
BL000041,BK000042,ACC00014,2026-04-30,153571.77,USD,AMER,REP012
BL000042,BK000043,ACC00015,2026-06-26,142453.68,USD,EMEA,REP005
BL000043,BK000044,ACC00015,2026-03-01,158808.78,USD,EMEA,REP005
BL000044,BK000045,ACC00015,2026-02-16,118427.20,USD,EMEA,REP005
BL000045,BK000046,ACC00015,2026-02-11,219692.57,USD,EMEA,REP005
BL000046,BK000047,ACC00016,2026-05-12,67894.34,USD,EMEA,REP007
BL000047,BK000048,ACC00017,2026-05-23,43352.73,USD,AMER,REP003
BL000048,BK000049,ACC00017,2026-06-03,157039.51,USD,AMER,REP003
BL000049,BK000050,ACC00018,2026-03-18,55950.68,USD,AMER,REP011
BL000050,BK000051,ACC00018,2026-02-02,105675.48,USD,AMER,REP011
BL000051,BK000053,ACC00019,2026-06-12,35192.40,USD,APAC,REP010
BL000052,BK000054,ACC00019,2026-04-17,190895.45,USD,APAC,REP010
BL000053,BK000055,ACC00019,2026-10-27,144739.80,USD,APAC,REP010
BL000054,BK000056,ACC00020,2026-01-17,141948.32,USD,EMEA,REP003
BL000055,BK000057,ACC00020,2026-09-23,122530.13,USD,EMEA,REP003
BL000056,BK000058,ACC00020,2026-04-17,147125.23,USD,EMEA,REP003
BL000057,BK000059,ACC00021,2026-09-27,156985.75,USD,AMER,REP011
BL000058,BK000060,ACC00021,2026-06-15,109147.47,USD,AMER,REP011
BL000059,BK000061,ACC00021,2026-05-25,152264.05,USD,AMER,REP011
BL000060,BK000062,ACC00022,2026-08-05,113875.97,USD,APAC,REP011
BL000061,BK000063,ACC00022,2026-07-25,62015.33,USD,APAC,REP011
BL000062,BK000064,ACC00022,2026-06-09,115198.76,USD,APAC,REP011
BL000063,BK000065,ACC00022,2026-06-08,187492.52,USD,APAC,REP011
BL000064,BK000066,ACC00023,2026-03-25,81985.65,USD,EMEA,REP001
BL000065,BK000067,ACC00023,2026-05-07,232730.04,USD,EMEA,REP001
BL000066,BK000068,ACC00024,2026-08-22,6785.87,USD,AMER,REP002
BL000067,BK000069,ACC00024,2026-06-05,136694.50,USD,AMER,REP002
BL000068,BK000070,ACC00024,2026-08-17,159799.86,USD,AMER,REP002
BL000069,BK000071,ACC00024,2026-08-31,185679.72,USD,AMER,REP002
BL000070,BK000072,ACC00025,2026-06-11,103885.60,USD,APAC,REP004
BL000071,BK000073,ACC00025,2026-04-04,243022.86,USD,APAC,REP004
BL000072,BK000074,ACC00025,2026-04-15,180806.10,USD,APAC,REP004
BL000073,BK000075,ACC00025,2026-04-15,65270.48,USD,APAC,REP004
BL000074,BK000076,ACC00026,2026-05-23,244130.38,USD,AMER,REP011
BL000075,BK000077,ACC00026,2026-06-03,34730.96,USD,AMER,REP011
BL000076,BK000078,ACC00026,2026-06-04,122091.59,USD,AMER,REP011
BL000077,BK000079,ACC00026,2026-02-20,238571.58,USD,AMER,REP011
BL000078,BK000080,ACC00027,2026-02-25,186676.45,USD,EMEA,REP003
BL000079,BK000081,ACC00028,2026-09-11,35422.70,USD,APAC,REP012
BL000080,BK000082,ACC00028,2026-06-03,158503.47,USD,APAC,REP012
BL000081,BK000083,ACC00029,2026-01-31,85717.68,USD,AMER,REP006
BL000082,BK000084,ACC00029,2026-03-15,22925.61,USD,AMER,REP006
BL000083,BK000085,ACC00030,2026-04-29,51062.40,USD,EMEA,REP002
BL000084,BK000086,ACC00031,2026-05-31,40745.74,USD,EMEA,REP011
BL000085,BK000087,ACC00032,2026-10-18,128633.68,USD,APAC,REP010
BL000086,BK000088,ACC00032,2026-06-26,198476.26,USD,APAC,REP010
BL000087,BK000089,ACC00033,2026-03-28,70722.05,USD,AMER,REP010
BL000088,BK000090,ACC00034,2026-03-24,81485.39,USD,APAC,REP009
BL000089,BK000091,ACC00035,2026-04-29,1897.82,USD,APAC,REP011
BL000090,BK000092,ACC00036,2026-06-08,11952.11,USD,AMER,REP002
BL000091,BK000093,ACC00036,2026-07-07,236883.48,USD,AMER,REP002
BL000092,BK000094,ACC00036,2026-05-28,89769.80,USD,AMER,REP002
BL000093,BK000095,ACC00036,2026-05-05,143652.96,USD,AMER,REP002
BL000094,BK000096,ACC00037,2026-04-10,90131.46,USD,AMER,REP008
BL000095,BK000097,ACC00037,2026-02-28,56674.44,USD,AMER,REP008
BL000096,BK000098,ACC00038,2026-08-17,42726.16,USD,APAC,REP009
BL000097,BK000099,ACC00038,2026-08-31,92350.66,USD,APAC,REP009
BL000098,BK000100,ACC00038,2026-08-21,27991.80,USD,APAC,REP009
BL000099,BK000101,ACC00039,2026-06-11,9678.81,USD,APAC,REP011
BL000100,BK000102,ACC00039,2026-02-03,226580.26,USD,APAC,REP011
BL000101,BK000104,ACC00040,2026-06-12,61897.65,USD,APAC,REP003
BL000102,BK000105,ACC00040,2026-10-20,31615.87,USD,APAC,REP003
BL000103,BK000106,ACC00040,2026-07-07,108729.27,USD,APAC,REP003
BL000104,BK000107,ACC00040,2026-07-03,139125.17,USD,APAC,REP003
BL000105,BK000108,ACC00041,2026-01-26,153614.25,USD,EMEA,REP010
BL000106,BK000109,ACC00041,2026-05-11,109472.68,USD,EMEA,REP010
BL000107,BK000110,ACC00041,2026-08-06,173669.84,USD,EMEA,REP010
BL000108,BK000111,ACC00041,2026-09-25,139662.87,USD,EMEA,REP010
BL000109,BK000112,ACC00042,2026-10-16,210852.35,USD,AMER,REP002
BL000110,BK000113,ACC00042,2026-05-09,90609.20,USD,AMER,REP002
BL000111,BK000114,ACC00042,2026-09-17,235293.83,USD,AMER,REP002
BL000112,BK000115,ACC00043,2026-03-30,105270.44,USD,AMER,REP001
BL000113,BK000116,ACC00043,2026-08-13,32275.81,USD,AMER,REP001
BL000114,BK000117,ACC00044,2026-09-10,40415.09,USD,APAC,REP002
BL000115,BK000118,ACC00045,2026-07-14,171749.11,USD,EMEA,REP003
BL000116,BK000119,ACC00045,2026-10-03,159450.66,USD,EMEA,REP003
BL000117,BK000120,ACC00045,2026-03-29,129710.10,USD,EMEA,REP003
BL000118,BK000121,ACC00045,2026-10-27,46804.59,USD,EMEA,REP003
BL000119,BK000122,ACC00046,2026-07-12,171368.49,USD,AMER,REP005
BL000120,BK000123,ACC00046,2026-02-15,95905.01,USD,AMER,REP005
BL000121,BK000124,ACC00046,2026-10-09,50860.34,USD,AMER,REP005
BL000122,BK000125,ACC00046,2026-07-08,112548.33,USD,AMER,REP005
BL000123,BK000126,ACC00047,2026-08-29,108970.56,USD,APAC,REP004
BL000124,BK000127,ACC00047,2026-05-11,192863.45,USD,APAC,REP004
BL000125,BK000128,ACC00047,2026-08-03,15645.60,USD,APAC,REP004
BL000126,BK000129,ACC00047,2026-09-28,237635.20,USD,APAC,REP004
BL000127,BK000130,ACC00048,2026-03-30,167204.71,USD,APAC,REP012
BL000128,BK000131,ACC00048,2026-10-30,199031.69,USD,APAC,REP012
BL000129,BK000132,ACC00048,2026-03-21,148742.24,USD,APAC,REP012
BL000130,BK000133,ACC00048,2026-08-27,6149.79,USD,APAC,REP012
BL000131,BK000134,ACC00049,2026-03-23,158534.90,USD,AMER,REP008
BL000132,BK000135,ACC00049,2026-07-13,210131.15,USD,AMER,REP008
BL000133,BK000136,ACC00050,2026-07-30,227276.82,USD,AMER,REP004
BL000134,BK000137,ACC00051,2026-09-29,182534.85,USD,EMEA,REP001
BL000135,BK000138,ACC00051,2026-03-22,79775.82,USD,EMEA,REP001
BL000136,BK000139,ACC00051,2026-05-01,31326.27,USD,EMEA,REP001
BL000137,BK000140,ACC00052,2026-09-20,56822.75,USD,APAC,REP010
BL000138,BK000141,ACC00053,2026-07-20,19830.48,USD,EMEA,REP012
BL000139,BK000142,ACC00054,2026-08-27,49845.11,USD,EMEA,REP002
BL000140,BK000143,ACC00054,2026-08-18,190893.94,USD,EMEA,REP002
BL000141,BK000144,ACC00054,2026-04-08,59743.52,USD,EMEA,REP002
BL000142,BK000145,ACC00055,2026-06-18,167989.41,USD,AMER,REP009
BL000143,BK000146,ACC00055,2026-06-13,155736.23,USD,AMER,REP009
BL000144,BK000147,ACC00055,2026-06-24,224754.61,USD,AMER,REP009
BL000145,BK000148,ACC00055,2026-10-06,97513.17,USD,AMER,REP009
BL000146,BK000149,ACC00056,2026-08-26,116952.58,USD,AMER,REP004
BL000147,BK000150,ACC00057,2026-06-01,154288.66,USD,EMEA,REP004
BL000148,BK000151,ACC00057,2026-08-17,163137.72,USD,EMEA,REP004
BL000149,BK000152,ACC00057,2026-07-29,192905.41,USD,EMEA,REP004
BL000150,BK000153,ACC00057,2026-06-08,235639.12,USD,EMEA,REP004
BL000151,BK000155,ACC00058,2026-02-03,204476.25,USD,AMER,REP002
BL000152,BK000156,ACC00058,2026-05-13,204697.21,USD,AMER,REP002
BL000153,BK000157,ACC00058,2026-05-09,209336.50,USD,AMER,REP002
BL000154,BK000158,ACC00059,2026-02-20,211540.00,USD,APAC,REP006
BL000155,BK000159,ACC00059,2026-09-06,12195.27,USD,APAC,REP006
BL000156,BK000160,ACC00060,2026-03-23,100022.63,USD,AMER,REP012
BL000157,BK000161,ACC00060,2026-09-06,59935.02,USD,AMER,REP012
BL000158,BK000162,ACC00061,2026-10-22,169374.38,USD,APAC,REP001
BL000159,BK000163,ACC00061,2026-06-10,162681.30,USD,APAC,REP001
BL000160,BK000164,ACC00061,2026-07-28,39644.54,USD,APAC,REP001
BL000161,BK000165,ACC00062,2026-05-04,227936.58,USD,APAC,REP002
BL000162,BK000166,ACC00062,2026-08-15,31300.61,USD,APAC,REP002
BL000163,BK000167,ACC00063,2026-03-10,153600.86,USD,EMEA,REP009
BL000164,BK000168,ACC00063,2026-05-19,197145.81,USD,EMEA,REP009
BL000165,BK000169,ACC00063,2026-07-29,37354.91,USD,EMEA,REP009
BL000166,BK000170,ACC00064,2026-07-12,205709.61,USD,EMEA,REP003
BL000167,BK000171,ACC00065,2026-10-10,236242.46,USD,AMER,REP002
BL000168,BK000172,ACC00066,2026-03-31,47901.38,USD,APAC,REP001
BL000169,BK000173,ACC00066,2026-02-22,103127.80,USD,APAC,REP001
BL000170,BK000174,ACC00066,2026-03-17,79785.81,USD,APAC,REP001
BL000171,BK000175,ACC00066,2026-08-13,153217.58,USD,APAC,REP001
BL000172,BK000176,ACC00067,2026-04-26,140212.14,USD,APAC,REP002
BL000173,BK000177,ACC00067,2026-08-01,94865.21,USD,APAC,REP002
BL000174,BK000178,ACC00067,2026-07-17,73903.60,USD,APAC,REP002
BL000175,BK000179,ACC00067,2026-07-25,34337.87,USD,APAC,REP002
BL000176,BK000180,ACC00068,2026-03-14,134593.49,USD,EMEA,REP008
BL000177,BK000181,ACC00068,2026-03-08,153577.83,USD,EMEA,REP008
BL000178,BK000182,ACC00068,2026-05-17,216320.28,USD,EMEA,REP008
BL000179,BK000183,ACC00069,2026-07-19,82728.15,USD,EMEA,REP001
BL000180,BK000184,ACC00070,2026-03-20,186961.27,USD,AMER,REP007
BL000181,BK000185,ACC00070,2026-05-24,79181.38,USD,AMER,REP007
BL000182,BK000186,ACC00071,2026-01-24,94037.99,USD,AMER,REP007
BL000183,BK000187,ACC00071,2026-03-16,182266.22,USD,AMER,REP007
BL000184,BK000188,ACC00072,2026-04-02,222814.13,USD,APAC,REP003
BL000185,BK000189,ACC00072,2026-02-17,121206.16,USD,APAC,REP003
BL000186,BK000190,ACC00073,2026-02-15,59467.32,USD,AMER,REP001
BL000187,BK000191,ACC00073,2026-03-17,249879.28,USD,AMER,REP001
BL000188,BK000192,ACC00073,2026-02-10,160801.62,USD,AMER,REP001
BL000189,BK000193,ACC00074,2026-09-16,170060.21,USD,APAC,REP012
BL000190,BK000194,ACC00075,2026-10-26,102210.34,USD,EMEA,REP010
BL000191,BK000195,ACC00076,2026-09-06,135760.38,USD,APAC,REP001
BL000192,BK000196,ACC00077,2026-08-23,25659.39,USD,EMEA,REP002
BL000193,BK000197,ACC00077,2026-04-19,23039.30,USD,EMEA,REP002
BL000194,BK000198,ACC00077,2026-06-25,128810.30,USD,EMEA,REP002
BL000195,BK000199,ACC00077,2026-06-19,153241.63,USD,EMEA,REP002
BL000196,BK000200,ACC00078,2026-03-10,220685.21,USD,EMEA,REP007
BL000197,BK000201,ACC00079,2026-08-19,152516.68,USD,APAC,REP010
BL000198,BK000202,ACC00079,2026-07-13,153168.98,USD,APAC,REP010
BL000199,BK000203,ACC00080,2026-07-25,144198.23,USD,EMEA,REP007
BL000200,BK000204,ACC00081,2026-07-25,52217.12,USD,APAC,REP005
BL000201,BK000206,ACC00081,2026-09-12,33401.64,USD,APAC,REP005
BL000202,BK000207,ACC00082,2026-02-18,197785.02,USD,APAC,REP004
BL000203,BK000208,ACC00082,2026-06-23,225819.14,USD,APAC,REP004
BL000204,BK000209,ACC00083,2026-08-21,242947.81,USD,AMER,REP011
BL000205,BK000210,ACC00083,2026-06-09,202464.19,USD,AMER,REP011
BL000206,BK000211,ACC00083,2026-04-04,194917.27,USD,AMER,REP011
BL000207,BK000212,ACC00084,2026-05-30,37312.06,USD,AMER,REP006
BL000208,BK000213,ACC00084,2026-07-25,39549.11,USD,AMER,REP006
BL000209,BK000214,ACC00084,2026-05-04,144986.23,USD,AMER,REP006
BL000210,BK000215,ACC00084,2026-02-23,205344.78,USD,AMER,REP006
BL000211,BK000216,ACC00085,2026-02-03,61537.58,USD,EMEA,REP010
BL000212,BK000217,ACC00085,2026-07-17,115026.23,USD,EMEA,REP010
BL000213,BK000218,ACC00085,2026-05-07,49067.22,USD,EMEA,REP010
BL000214,BK000219,ACC00086,2026-03-19,249627.95,USD,EMEA,REP009
BL000215,BK000220,ACC00087,2026-10-31,73186.61,USD,APAC,REP003
BL000216,BK000221,ACC00088,2026-08-04,53817.78,USD,EMEA,REP006
BL000217,BK000222,ACC00088,2026-06-26,191452.79,USD,EMEA,REP006
BL000218,BK000223,ACC00088,2026-04-27,53817.99,USD,EMEA,REP006
BL000219,BK000224,ACC00088,2026-03-20,92302.56,USD,EMEA,REP006
BL000220,BK000225,ACC00089,2026-08-24,139977.00,USD,EMEA,REP009
BL000221,BK000226,ACC00089,2026-09-30,39190.81,USD,EMEA,REP009
BL000222,BK000227,ACC00089,2026-04-09,96041.74,USD,EMEA,REP009
BL000223,BK000228,ACC00089,2026-10-16,177809.74,USD,EMEA,REP009
BL000224,BK000229,ACC00090,2026-08-29,202100.08,USD,AMER,REP011
BL000225,BK000230,ACC00090,2026-05-06,102139.55,USD,AMER,REP011
BL000226,BK000231,ACC00091,2026-07-04,111099.59,USD,AMER,REP003
BL000227,BK000232,ACC00091,2026-09-14,145503.84,USD,AMER,REP003
BL000228,BK000233,ACC00091,2026-07-15,179704.98,USD,AMER,REP003
BL000229,BK000234,ACC00092,2026-02-11,134234.97,USD,EMEA,REP012
BL000230,BK000235,ACC00092,2026-08-14,7288.61,USD,EMEA,REP012
BL000231,BK000236,ACC00092,2026-07-21,194192.71,USD,EMEA,REP012
BL000232,BK000237,ACC00093,2026-07-04,39645.77,USD,EMEA,REP005
BL000233,BK000238,ACC00093,2026-04-14,208408.42,USD,EMEA,REP005
BL000234,BK000239,ACC00093,2026-08-15,30571.48,USD,EMEA,REP005
BL000235,BK000240,ACC00093,2026-05-18,147188.78,USD,EMEA,REP005
BL000236,BK000241,ACC00094,2026-08-27,105110.86,USD,EMEA,REP004
BL000237,BK000242,ACC00095,2026-04-23,26628.66,USD,APAC,REP009
BL000238,BK000243,ACC00095,2026-11-07,172111.51,USD,APAC,REP009
BL000239,BK000244,ACC00095,2026-08-07,118809.52,USD,APAC,REP009
BL000240,BK000245,ACC00096,2026-05-02,35495.47,USD,AMER,REP002
BL000241,BK000246,ACC00096,2026-05-13,59216.61,USD,AMER,REP002
BL000242,BK000247,ACC00097,2026-05-11,211704.64,USD,AMER,REP001
BL000243,BK000248,ACC00098,2026-07-19,211459.23,USD,AMER,REP011
BL000244,BK000249,ACC00098,2026-09-01,23913.06,USD,AMER,REP011
BL000245,BK000250,ACC00098,2026-07-16,93165.18,USD,AMER,REP011
BL000246,BK000251,ACC00098,2026-10-06,25894.25,USD,AMER,REP011
BL000247,BK000252,ACC00099,2026-02-19,20089.13,USD,EMEA,REP009
BL000248,BK000253,ACC00099,2026-06-11,26746.65,USD,EMEA,REP009
BL000249,BK000254,ACC00099,2026-10-30,130010.91,USD,EMEA,REP009
BL000250,BK000255,ACC00099,2026-02-16,151905.58,USD,EMEA,REP009
BL000251,BK000257,ACC00100,2026-03-02,152170.47,USD,AMER,REP002
BL000252,BK000258,ACC00101,2026-02-17,170298.55,USD,APAC,REP009
BL000253,BK000259,ACC00101,2026-06-20,238438.44,USD,APAC,REP009
BL000254,BK000260,ACC00101,2026-09-29,176405.13,USD,APAC,REP009
BL000255,BK000261,ACC00102,2026-06-04,130995.42,USD,AMER,REP007
BL000256,BK000262,ACC00102,2026-02-24,212690.40,USD,AMER,REP007
BL000257,BK000263,ACC00102,2026-07-14,32710.93,USD,AMER,REP007
BL000258,BK000264,ACC00103,2026-06-09,243844.71,USD,EMEA,REP006
BL000259,BK000265,ACC00103,2026-04-16,112857.73,USD,EMEA,REP006
BL000260,BK000266,ACC00103,2026-03-27,118380.37,USD,EMEA,REP006
BL000261,BK000267,ACC00104,2026-03-29,200662.70,USD,AMER,REP011
BL000262,BK000268,ACC00104,2026-07-16,188543.12,USD,AMER,REP011
BL000263,BK000269,ACC00104,2026-06-27,43880.47,USD,AMER,REP011
BL000264,BK000270,ACC00104,2026-10-17,32357.61,USD,AMER,REP011
BL000265,BK000271,ACC00105,2026-02-24,122667.58,USD,APAC,REP006
BL000266,BK000272,ACC00105,2026-05-10,115666.34,USD,APAC,REP006
BL000267,BK000273,ACC00105,2026-05-01,77015.23,USD,APAC,REP006
BL000268,BK000274,ACC00106,2026-06-26,34937.20,USD,AMER,REP004
BL000269,BK000275,ACC00107,2026-06-30,208376.94,USD,EMEA,REP001
BL000270,BK000276,ACC00108,2026-04-12,55441.13,USD,APAC,REP007
BL000271,BK000277,ACC00108,2026-04-27,242988.85,USD,APAC,REP007
BL000272,BK000278,ACC00108,2026-08-10,227949.73,USD,APAC,REP007
BL000273,BK000279,ACC00108,2026-06-01,151635.22,USD,APAC,REP007
BL000274,BK000280,ACC00109,2026-06-28,158375.52,USD,APAC,REP005
BL000275,BK000281,ACC00109,2026-07-23,228602.00,USD,APAC,REP005
BL000276,BK000282,ACC00110,2026-06-23,129135.12,USD,APAC,REP007
BL000277,BK000283,ACC00110,2026-03-31,68007.43,USD,APAC,REP007
BL000278,BK000284,ACC00110,2026-05-26,18508.63,USD,APAC,REP007
BL000279,BK000285,ACC00110,2026-03-22,239706.55,USD,APAC,REP007
BL000280,BK000286,ACC00111,2026-02-27,54791.89,USD,AMER,REP004
BL000281,BK000287,ACC00111,2026-09-29,50442.00,USD,AMER,REP004
BL000282,BK000288,ACC00111,2026-04-30,152373.43,USD,AMER,REP004
BL000283,BK000289,ACC00112,2026-01-31,134027.87,USD,AMER,REP004
BL000284,BK000290,ACC00112,2026-08-04,28382.24,USD,AMER,REP004
BL000285,BK000291,ACC00112,2026-02-08,107932.89,USD,AMER,REP004
BL000286,BK000292,ACC00112,2026-07-30,50006.01,USD,AMER,REP004
BL000287,BK000293,ACC00113,2026-09-25,234563.00,USD,EMEA,REP007
BL000288,BK000294,ACC00113,2026-09-13,151525.67,USD,EMEA,REP007
BL000289,BK000295,ACC00113,2026-01-20,86873.82,USD,EMEA,REP007
BL000290,BK000296,ACC00114,2026-10-18,143020.73,USD,AMER,REP005
BL000291,BK000297,ACC00114,2026-07-03,80738.82,USD,AMER,REP005
BL000292,BK000298,ACC00115,2026-05-23,141870.07,USD,APAC,REP011
BL000293,BK000299,ACC00116,2026-02-14,38197.73,USD,AMER,REP002
BL000294,BK000300,ACC00116,2026-01-19,213048.89,USD,AMER,REP002
BL000295,BK000301,ACC00116,2026-04-15,98734.66,USD,AMER,REP002
BL000296,BK000302,ACC00116,2026-08-01,81719.96,USD,AMER,REP002
BL000297,BK000303,ACC00117,2026-10-25,121998.54,USD,EMEA,REP001
BL000298,BK000304,ACC00118,2026-08-19,158751.15,USD,APAC,REP006
BL000299,BK000305,ACC00119,2026-07-30,86110.90,USD,AMER,REP007
BL000300,BK000306,ACC00119,2026-03-07,116696.51,USD,AMER,REP007
BL000301,BK000307,ACC00119,2026-02-24,196254.35,USD,AMER,REP007
BL000302,BK000308,ACC00119,2026-03-15,15876.58,USD,AMER,REP007
BL000303,BK000309,ACC00120,2026-04-25,230741.34,USD,EMEA,REP001
BL000304,BK000310,ACC00120,2026-10-05,212975.37,USD,EMEA,REP001
BL000305,BK000311,ACC00120,2026-04-09,22173.02,USD,EMEA,REP001
