QUOTA_ID,REP_ID,FISCAL_YEAR,FISCAL_QUARTER,QUOTA_AMOUNT,CURRENCY,VALID_FROM,VALID_TO
QT00001,REP001,2026,2026-Q1,470000.00,USD,2026-01-01,2026-03-31
QT00002,REP001,2026,2026-Q2,574000.00,USD,2026-04-01,2026-06-30
QT00003,REP001,2026,2026-Q3,612000.00,USD,2026-07-01,2026-09-30
QT00004,REP001,2026,2026-Q4,574000.00,USD,2026-10-01,2026-12-31
QT00005,REP002,2026,2026-Q1,246000.00,USD,2026-01-01,2026-03-31
QT00006,REP002,2026,2026-Q2,610000.00,USD,2026-04-01,2026-06-30
QT00007,REP002,2026,2026-Q3,252000.00,USD,2026-07-01,2026-09-30
QT00008,REP002,2026,2026-Q4,783000.00,USD,2026-10-01,2026-12-31
QT00009,REP003,2026,2026-Q1,775000.00,USD,2026-01-01,2026-03-31
QT00010,REP003,2026,2026-Q2,399000.00,USD,2026-04-01,2026-06-30
QT00011,REP003,2026,2026-Q3,571000.00,USD,2026-07-01,2026-09-30
QT00012,REP003,2026,2026-Q4,766000.00,USD,2026-10-01,2026-12-31
QT00013,REP004,2026,2026-Q1,495000.00,USD,2026-01-01,2026-03-31
QT00014,REP004,2026,2026-Q2,275000.00,USD,2026-04-01,2026-06-30
QT00015,REP004,2026,2026-Q3,595000.00,USD,2026-07-01,2026-09-30
QT00016,REP004,2026,2026-Q4,716000.00,USD,2026-10-01,2026-12-31
QT00017,REP005,2026,2026-Q1,661000.00,USD,2026-01-01,2026-03-31
QT00018,REP005,2026,2026-Q2,763000.00,USD,2026-04-01,2026-06-30
QT00019,REP005,2026,2026-Q3,486000.00,USD,2026-07-01,2026-09-30
QT00020,REP005,2026,2026-Q4,838000.00,USD,2026-10-01,2026-12-31
QT00021,REP006,2026,2026-Q1,896000.00,USD,2026-01-01,2026-03-31
QT00022,REP006,2026,2026-Q2,825000.00,USD,2026-04-01,2026-06-30
QT00023,REP006,2026,2026-Q3,321000.00,USD,2026-07-01,2026-09-30
QT00024,REP006,2026,2026-Q4,331000.00,USD,2026-10-01,2026-12-31
QT00025,REP007,2026,2026-Q1,299000.00,USD,2026-01-01,2026-03-31
QT00026,REP007,2026,2026-Q2,603000.00,USD,2026-04-01,2026-06-30
QT00027,REP007,2026,2026-Q3,582000.00,USD,2026-07-01,2026-09-30
QT00028,REP007,2026,2026-Q4,547000.00,USD,2026-10-01,2026-12-31
QT00029,REP008,2026,2026-Q1,771000.00,USD,2026-01-01,2026-03-31
QT00030,REP008,2026,2026-Q2,574000.00,USD,2026-04-01,2026-06-30
QT00031,REP008,2026,2026-Q3,347000.00,USD,2026-07-01,2026-09-30
QT00032,REP008,2026,2026-Q4,403000.00,USD,2026-10-01,2026-12-31
QT00033,REP009,2026,2026-Q1,816000.00,USD,2026-01-01,2026-03-31
QT00034,REP009,2026,2026-Q2,721000.00,USD,2026-04-01,2026-06-30
QT00035,REP009,2026,2026-Q3,611000.00,USD,2026-07-01,2026-09-30
QT00036,REP009,2026,2026-Q4,712000.00,USD,2026-10-01,2026-12-31
QT00037,REP010,2026,2026-Q1,241000.00,USD,2026-01-01,2026-03-31
QT00038,REP010,2026,2026-Q2,246000.00,USD,2026-04-01,2026-06-30
QT00039,REP010,2026,2026-Q3,239000.00,USD,2026-07-01,2026-09-30
QT00040,REP010,2026,2026-Q4,340000.00,USD,2026-10-01,2026-12-31
QT00041,REP011,2026,2026-Q1,541000.00,USD,2026-01-01,2026-03-31
QT00042,REP011,2026,2026-Q2,685000.00,USD,2026-04-01,2026-06-30
QT00043,REP011,2026,2026-Q3,731000.00,USD,2026-07-01,2026-09-30
QT00044,REP011,2026,2026-Q4,667000.00,USD,2026-10-01,2026-12-31
QT00045,REP012,2026,2026-Q1,352000.00,USD,2026-01-01,2026-03-31
QT00046,REP012,2026,2026-Q2,820000.00,USD,2026-04-01,2026-06-30
QT00047,REP012,2026,2026-Q3,727000.00,USD,2026-07-01,2026-09-30
QT00048,REP012,2026,2026-Q4,343000.00,USD,2026-10-01,2026-12-31
