ACCOUNT_ID,ACCOUNT_NAME,REGION,SEGMENT,OWNER_REP_ID,CREATED_DATE
ACC00001,Account 00001,APAC,Enterprise,REP001,2024-10-08
ACC00002,Account 00002,EMEA,Mid-Market,REP003,2024-04-14
ACC00003,Account 00003,APAC,SMB,REP010,2025-03-08
ACC00004,Account 00004,EMEA,,REP002,2024-08-11
ACC00005,Account 00005,EMEA,Enterprise,REP009,2024-07-22
ACC00006,Account 00006,APAC,,REP004,2025-04-04
ACC00007,Account 00007,APAC,SMB,REP001,2024-06-12
ACC00008,Account 00008,APAC,,REP006,2024-10-11
ACC00009,Account 00009,EMEA,Mid-Market,REP006,2024-04-14
ACC00010,Account 00010,EMEA,,REP002,2025-01-02
ACC00011,Account 00011,AMER,SMB,REP001,2025-04-15
ACC00012,Account 00012,APAC,Enterprise,REP007,2024-03-21
ACC00013,Account 00013,APAC,SMB,REP011,2025-09-25
ACC00014,Account 00014,AMER,Mid-Market,REP012,2024-03-12
ACC00015,Account 00015,EMEA,Mid-Market,REP005,2024-03-22
ACC00016,Account 00016,EMEA,Enterprise,REP007,2024-10-11
ACC00017,Account 00017,AMER,SMB,REP003,2025-01-14
ACC00018,Account 00018,AMER,Mid-Market,REP011,2024-09-30
ACC00019,Account 00019,APAC,Enterprise,REP010,2025-10-12
ACC00020,Account 00020,EMEA,Mid-Market,REP003,2025-04-18
ACC00021,Account 00021,AMER,SMB,REP011,2025-12-05
ACC00022,Account 00022,APAC,Mid-Market,REP011,2024-11-28
ACC00023,Account 00023,EMEA,Mid-Market,REP001,2024-11-19
ACC00024,Account 00024,AMER,SMB,REP002,2024-08-04
ACC00025,Account 00025,APAC,SMB,REP004,2025-11-02
ACC00026,Account 00026,AMER,,REP011,2025-04-14
ACC00027,Account 00027,EMEA,SMB,REP003,2024-09-09
ACC00028,Account 00028,APAC,SMB,REP012,2025-08-21
ACC00029,Account 00029,AMER,,REP006,2024-08-12
ACC00030,Account 00030,EMEA,,REP002,2024-02-18
ACC00031,Account 00031,EMEA,Mid-Market,REP011,2024-06-12
ACC00032,Account 00032,APAC,,REP010,2024-03-06
ACC00033,Account 00033,AMER,,REP010,2025-04-24
ACC00034,Account 00034,APAC,SMB,REP009,2024-01-12
ACC00035,Account 00035,APAC,Enterprise,REP011,2025-07-03
ACC00036,Account 00036,AMER,SMB,REP002,2024-10-27
ACC00037,Account 00037,AMER,Mid-Market,REP008,2024-01-04
ACC00038,Account 00038,APAC,SMB,REP009,2024-07-01
ACC00039,Account 00039,APAC,Enterprise,REP011,2024-11-01
ACC00040,Account 00040,APAC,Mid-Market,REP003,2025-01-17
ACC00041,Account 00041,EMEA,Enterprise,REP010,2024-11-27
ACC00042,Account 00042,AMER,Enterprise,REP002,2025-01-06
ACC00043,Account 00043,AMER,Mid-Market,REP001,2024-09-03
ACC00044,Account 00044,APAC,Enterprise,REP002,2025-05-12
ACC00045,Account 00045,EMEA,Mid-Market,REP003,2025-11-06
ACC00046,Account 00046,AMER,Mid-Market,REP005,2025-06-24
ACC00047,Account 00047,APAC,,REP004,2025-07-06
ACC00048,Account 00048,APAC,Mid-Market,REP012,2024-11-15
ACC00049,Account 00049,AMER,SMB,REP008,2025-06-13
ACC00050,Account 00050,AMER,Enterprise,REP004,2024-08-18
ACC00051,Account 00051,EMEA,SMB,REP001,2025-08-25
ACC00052,Account 00052,APAC,Mid-Market,REP010,2024-08-13
ACC00053,Account 00053,EMEA,Enterprise,REP012,2025-10-08
ACC00054,Account 00054,EMEA,Mid-Market,REP002,2024-02-02
ACC00055,Account 00055,AMER,Enterprise,REP009,2024-08-31
ACC00056,Account 00056,AMER,,REP004,2025-07-06
ACC00057,Account 00057,EMEA,,REP004,2025-04-29
ACC00058,Account 00058,AMER,Mid-Market,REP002,2024-04-09
ACC00059,Account 00059,APAC,,REP006,2025-03-09
ACC00060,Account 00060,AMER,,REP012,2024-02-25
ACC00061,Account 00061,APAC,Enterprise,REP001,2025-02-16
ACC00062,Account 00062,APAC,SMB,REP002,2024-09-11
ACC00063,Account 00063,EMEA,Mid-Market,REP009,2025-04-04
ACC00064,Account 00064,EMEA,,REP003,2024-10-12
ACC00065,Account 00065,AMER,Mid-Market,REP002,2025-03-29
ACC00066,Account 00066,APAC,Enterprise,REP001,2025-10-29
ACC00067,Account 00067,APAC,Enterprise,REP002,2024-08-30
ACC00068,Account 00068,EMEA,,REP008,2025-05-07
ACC00069,Account 00069,EMEA,,REP001,2024-06-17
ACC00070,Account 00070,AMER,Enterprise,REP007,2024-09-28
ACC00071,Account 00071,AMER,SMB,REP007,2025-12-14
ACC00072,Account 00072,APAC,,REP003,2024-07-13
ACC00073,Account 00073,AMER,Mid-Market,REP001,2025-08-16
ACC00074,Account 00074,APAC,Enterprise,REP012,2024-11-17
ACC00075,Account 00075,EMEA,Enterprise,REP010,2025-05-03
ACC00076,Account 00076,APAC,Mid-Market,REP001,2025-06-04
ACC00077,Account 00077,EMEA,Mid-Market,REP002,2025-09-01
ACC00078,Account 00078,EMEA,Mid-Market,REP007,2024-05-02
ACC00079,Account 00079,APAC,Mid-Market,REP010,2025-08-31
ACC00080,Account 00080,EMEA,Enterprise,REP007,2025-11-04
ACC00081,Account 00081,APAC,SMB,REP005,2024-07-28
ACC00082,Account 00082,APAC,SMB,REP004,2024-09-28
ACC00083,Account 00083,AMER,Mid-Market,REP011,2025-10-22
ACC00084,Account 00084,AMER,,REP006,2024-03-15
ACC00085,Account 00085,EMEA,,REP010,2025-07-30
ACC00086,Account 00086,EMEA,Enterprise,REP009,2024-08-06
ACC00087,Account 00087,APAC,SMB,REP003,2024-12-23
ACC00088,Account 00088,EMEA,Mid-Market,REP006,2024-10-18
ACC00089,Account 00089,EMEA,,REP009,2025-12-21
ACC00090,Account 00090,AMER,Enterprise,REP011,2025-07-21
ACC00091,Account 00091,AMER,Enterprise,REP003,2024-09-27
ACC00092,Account 00092,EMEA,Enterprise,REP012,2025-07-20
ACC00093,Account 00093,EMEA,SMB,REP005,2025-09-11
ACC00094,Account 00094,EMEA,SMB,REP004,2025-12-04
ACC00095,Account 00095,APAC,SMB,REP009,2025-05-15
ACC00096,Account 00096,AMER,Enterprise,REP002,2025-10-11
ACC00097,Account 00097,AMER,SMB,REP001,2024-01-04
ACC00098,Account 00098,AMER,Mid-Market,REP011,2024-09-25
ACC00099,Account 00099,EMEA,,REP009,2025-12-23
ACC00100,Account 00100,AMER,Enterprise,REP002,2024-03-18
ACC00101,Account 00101,APAC,Mid-Market,REP009,2024-02-06
ACC00102,Account 00102,AMER,Mid-Market,REP007,2024-05-10
ACC00103,Account 00103,EMEA,SMB,REP006,2024-02-10
ACC00104,Account 00104,AMER,Mid-Market,REP011,2024-09-12
ACC00105,Account 00105,APAC,Enterprise,REP006,2025-07-27
ACC00106,Account 00106,AMER,Mid-Market,REP004,2024-06-15
ACC00107,Account 00107,EMEA,,REP001,2024-07-02
ACC00108,Account 00108,APAC,SMB,REP007,2025-11-16
ACC00109,Account 00109,APAC,Mid-Market,REP005,2024-06-12
ACC00110,Account 00110,APAC,Enterprise,REP007,2024-02-09
ACC00111,Account 00111,AMER,Mid-Market,REP004,2025-04-16
ACC00112,Account 00112,AMER,SMB,REP004,2024-08-16
ACC00113,Account 00113,EMEA,Mid-Market,REP007,2024-12-02
ACC00114,Account 00114,AMER,Enterprise,REP005,2024-12-25
ACC00115,Account 00115,APAC,,REP011,2025-07-03
ACC00116,Account 00116,AMER,Enterprise,REP002,2024-09-24
ACC00117,Account 00117,EMEA,SMB,REP001,2024-04-21
ACC00118,Account 00118,APAC,,REP006,2024-11-17
ACC00119,Account 00119,AMER,Enterprise,REP007,2025-08-13
ACC00120,Account 00120,EMEA,SMB,REP001,2025-12-26
