TERRITORY_ID,REP_ID,REGION,VALID_FROM,VALID_TO
TER001,REP001,EMEA,2026-01-01,2026-08-15
TER001,REP002,EMEA,2026-08-15,2026-10-01
TER002,REP002,AMER,2026-01-01,2026-08-15
TER002,REP003,AMER,2026-08-15,2026-10-01
TER003,REP003,APAC,2026-01-01,2026-08-15
TER003,REP004,APAC,2026-08-15,2026-10-01
TER004,REP004,EMEA,2026-01-01,2026-08-15
TER004,REP005,EMEA,2026-08-15,2026-10-01
TER005,REP005,AMER,2026-01-01,2026-08-15
TER005,REP006,AMER,2026-08-15,2026-10-01
TER006,REP006,APAC,2026-01-01,2026-08-15
TER006,REP007,APAC,2026-08-15,2026-10-01
TER007,REP007,EMEA,2026-01-01,2026-08-15
TER007,REP008,EMEA,2026-08-15,2026-10-01
TER008,REP008,AMER,2026-01-01,2026-08-15
TER008,REP009,AMER,2026-08-15,2026-10-01
TER009,REP009,APAC,2026-01-01,2026-08-15
TER009,REP010,APAC,2026-08-15,2026-10-01
TER010,REP010,EMEA,2026-01-01,2026-08-15
TER010,REP011,EMEA,2026-08-15,2026-10-01
TER011,REP011,AMER,2026-01-01,2026-08-15
TER011,REP012,AMER,2026-08-15,2026-10-01
TER012,REP012,APAC,2026-01-01,2026-08-15
TER012,REP001,APAC,2026-08-15,2026-10-01
